dgp,n,p,B,method,mse_true,mse,coverage,isc,rt,reps
dgp1,300,10,10,GBM,0.1378679181709787,1.2715737524837234,0.952,5.874953512939477,0.095626212300003,10
dgp1,300,10,10,LassoRF,0.1452916478304426,1.2785725764946005,0.957,5.847705258472027,0.055614777800003824,10
dgp1,300,10,10,RF,0.16194231203426174,1.2917818161806585,0.951,5.862468061349818,0.02293495169999597,10
dgp1,300,10,10,RF-H,0.1448662716018547,1.2736452735448105,0.954,5.935833548423407,0.014768004300002191,10
dgp1,300,10,10,RF-tuned,0.10047272931683579,1.238883246512682,0.952,5.828816871249385,2.036635311299996,10
dgp1,300,10,10,RidgeRF,0.12738582083013017,1.2766984127733605,0.945,5.945142964531735,0.02464803539999845,10
dgp1,300,10,10,SSRF,0.12907445669737774,1.2675002463077378,0.955,5.852380744525625,0.02293495169999597,10
dgp1,300,10,10,SSRF-H,0.15082111598049724,1.2914301792825795,0.962,5.9132808433582555,0.014768004300002191,10
dgp1,300,10,10,SSRF-JS,0.1317089843911804,1.2690570253871707,0.956,5.850998184124126,0.02293495169999597,10
dgp1,300,10,10,SSRF-JS-H,0.15352206492647705,1.2891049584722412,0.961,5.9006893336591695,0.014768004300002191,10
dgp1,300,10,10,SSRF-rob,0.1440600121066217,1.2751198633343348,0.952,5.85327093094846,0.03844752800000602,10
dgp1,300,10,10,SSRF-tuned,0.09712555214737265,1.2108787239008585,0.957,5.806545108209768,2.058273691999993,10
dgp1,300,10,500,GBM,0.1378679181709787,1.2715737524837234,0.945,6.376153741598649,0.09988766019999955,10
dgp1,300,10,500,LassoRF,0.085914440712673,1.2417296748453817,0.946,6.285891806478788,0.7534651502000032,10
dgp1,300,10,500,RF,0.08600002899714265,1.2165176329286513,0.943,6.177245467491295,1.0402132804999966,10
dgp1,300,10,500,RF-H,0.0856583399516248,1.216067473646321,0.946,6.205948273962596,0.6497012404999978,10
dgp1,300,10,500,RF-tuned,0.08516573233712485,1.209018952683178,0.948,6.1738095026299495,2.911036262600001,10
dgp1,300,10,500,RidgeRF,0.08611161681674931,1.2109524175841284,0.946,6.2673308277601745,0.8587947024000002,10
dgp1,300,10,500,SSRF,0.07827222147239071,1.2153247674844045,0.945,6.193316969865278,1.0402132804999966,10
dgp1,300,10,500,SSRF-H,0.14804157076757474,1.2850964600014096,0.944,6.408159609266308,0.6497012404999978,10
dgp1,300,10,500,SSRF-JS,0.07854168892360995,1.2153632512553716,0.945,6.190295234814415,1.0402132804999966,10
dgp1,300,10,500,SSRF-JS-H,0.14360848153977707,1.2805347420020572,0.945,6.396932418530897,0.6497012404999978,10
dgp1,300,10,500,SSRF-rob,0.07947285459110745,1.2146794393781835,0.946,6.184359995423915,1.6857331905000024,10
dgp1,300,10,500,SSRF-tuned,0.08529522575717775,1.2088665632591455,0.947,6.159700315543155,4.108250762500002,10
dgp1,600,20,10,GBM,0.12662829547823945,1.37729175701354,0.946,6.472669655225513,0.24046257479999436,10
dgp1,600,20,10,LassoRF,0.14364772097387346,1.4263895038598606,0.946,6.343228961706542,0.06274791609999676,10
dgp1,600,20,10,RF,0.15800311912884435,1.4025804062671492,0.943,6.5351624887389015,0.04523893400000527,10
dgp1,600,20,10,RF-H,0.12860029185940935,1.3912727280061175,0.946,6.4409278514655615,0.02080850949998872,10
dgp1,600,20,10,RF-tuned,0.07833518843988374,1.3868484320546597,0.95,6.411423784876437,3.1735536980000036,10
dgp1,600,20,10,RidgeRF,0.15860676735229576,1.4236042674764775,0.95,6.41713346370741,0.10891584879999239,10
dgp1,600,20,10,SSRF,0.12983678332295961,1.3822026290846299,0.946,6.483749278095127,0.04523893400000527,10
dgp1,600,20,10,SSRF-H,0.14676170930583943,1.4169552118254285,0.953,6.392573665373131,0.02080850949998872,10
dgp1,600,20,10,SSRF-JS,0.1320595657894805,1.3842298992479423,0.946,6.487934537295011,0.04523893400000527,10
dgp1,600,20,10,SSRF-JS-H,0.14490272156973286,1.417079264315515,0.954,6.388506824288312,0.02080850949998872,10
dgp1,600,20,10,SSRF-rob,0.14354391548019355,1.392443221882389,0.946,6.526926329207156,0.0608018834999967,10
dgp1,600,20,10,SSRF-tuned,0.08634600635405315,1.3816143404700856,0.947,6.3727338503742725,3.2151983183000197,10
dgp1,600,20,500,GBM,0.12662829547823945,1.37729175701354,0.952,6.481166444767601,0.21481203189999287,10
dgp1,600,20,500,LassoRF,0.09200442446792735,1.3430797035494144,0.952,6.566955472150401,0.9782388106999889,10
dgp1,600,20,500,RF,0.0736409863281567,1.3480712061656503,0.952,6.554680991241065,2.482665754399997,10
dgp1,600,20,500,RF-H,0.07544511786021504,1.352992640375198,0.954,6.462558531433122,1.0539900941000042,10
dgp1,600,20,500,RF-tuned,0.06600072840694571,1.3398545726571363,0.95,6.499984687557172,4.261192405800008,10
dgp1,600,20,500,RidgeRF,0.08832640116333655,1.357588887306363,0.952,6.409737543736865,1.5371753032999949,10
dgp1,600,20,500,SSRF,0.07268507291813615,1.3424105030146762,0.952,6.537833507542818,2.482665754399997,10
dgp1,600,20,500,SSRF-H,0.1468926962854218,1.4136401360738673,0.958,6.563184766002475,1.0539900941000042,10
dgp1,600,20,500,SSRF-JS,0.07305851128874999,1.3427472418449051,0.952,6.538092713831252,2.482665754399997,10
dgp1,600,20,500,SSRF-JS-H,0.14461712342231536,1.4125651992153196,0.958,6.562747472913249,1.0539900941000042,10
dgp1,600,20,500,SSRF-rob,0.0723898340892311,1.3435687801973328,0.95,6.5484119339695654,3.175907223300007,10
dgp1,600,20,500,SSRF-tuned,0.06751022434753665,1.3419786188145295,0.95,6.5103757278707715,6.506492976900003,10
dgp1,1200,20,10,GBM,0.09413218916993266,1.3173953958646971,0.9541666666666666,6.647762449403565,0.38645270020001016,10
dgp1,1200,20,10,LassoRF,0.1385995047350297,1.3537820908221785,0.9533333333333334,6.741323686161538,0.07176316780000315,10
dgp1,1200,20,10,RF,0.13838150616541545,1.3597423648935567,0.9516666666666667,6.614078678966226,0.09980660059999305,10
dgp1,1200,20,10,RF-H,0.12608312654178877,1.34177151549857,0.9475,6.666356371820169,0.03705159379999824,10
dgp1,1200,20,10,RF-tuned,0.0661622245814639,1.286015690571909,0.9508333333333334,6.536461902469408,5.5992691606999925,10
dgp1,1200,20,10,RidgeRF,0.14400547673843933,1.3575048903376952,0.9508333333333334,6.722920718711396,0.1762774666000041,10
dgp1,1200,20,10,SSRF,0.11579887149757706,1.3277027315046634,0.95,6.588487898090963,0.09980660059999305,10
dgp1,1200,20,10,SSRF-H,0.1464743104562093,1.367964494810718,0.9483333333333334,6.728869115037906,0.03705159379999824,10
dgp1,1200,20,10,SSRF-JS,0.11707997905645785,1.3299126559652017,0.9525000000000001,6.586557775637927,0.09980660059999305,10
dgp1,1200,20,10,SSRF-JS-H,0.14615807949242732,1.3704631155289033,0.9483333333333334,6.746241581396416,0.03705159379999824,10
dgp1,1200,20,10,SSRF-rob,0.12551114440162509,1.3429458615435075,0.9516666666666667,6.597871236777376,0.12143322339999822,10
dgp1,1200,20,10,SSRF-tuned,0.0736798683798004,1.3043209376606768,0.9491666666666667,6.561678569737568,5.690824320199988,10
dgp1,1200,20,500,GBM,0.09413218916993266,1.3173953958646971,0.9475,6.7033042650272545,0.41787921779999804,10
dgp1,1200,20,500,LassoRF,0.0920895615048963,1.3036900808966045,0.9458333333333333,6.717796548965825,1.5443520076000368,10
dgp1,1200,20,500,RF,0.06271129964730145,1.2769353729967752,0.9450000000000001,6.681746018143507,5.113997663999987,10
dgp1,1200,20,500,RF-H,0.07125882518933135,1.2935090952509072,0.9475,6.711360715874369,1.723977406900002,10
dgp1,1200,20,500,RF-tuned,0.053200919953301354,1.2782178278045402,0.9475,6.654362177968091,7.702495590800021,10
dgp1,1200,20,500,RidgeRF,0.07030876811394035,1.290217709982957,0.9450000000000001,6.705501886120758,3.343814483199998,10
dgp1,1200,20,500,SSRF,0.06291276011311919,1.2788367842630302,0.9475,6.679947769763402,5.113997663999987,10
dgp1,1200,20,500,SSRF-H,0.14750447204745576,1.3714471237650003,0.9508333333333334,6.7828950540920525,1.723977406900002,10
dgp1,1200,20,500,SSRF-JS,0.0632122563092779,1.2789754972436729,0.9475,6.679448848218077,5.113997663999987,10
dgp1,1200,20,500,SSRF-JS-H,0.1475352871625341,1.3715153984128459,0.9508333333333334,6.782672826645603,1.723977406900002,10
dgp1,1200,20,500,SSRF-rob,0.06287848114567095,1.276861434204187,0.9458333333333333,6.678976040465182,5.97031072969998,10
dgp1,1200,20,500,SSRF-tuned,0.055203813311102204,1.2764909343371973,0.9483333333333334,6.662212160401687,11.71938595790001,10
dgp1,2000,24,10,GBM,0.07190803951522565,1.2952622665064468,0.953,6.33957326014646,0.9611917194000512,10
dgp1,2000,24,10,LassoRF,0.12060039315183155,1.3428067727238466,0.953,6.41397075803314,0.1410571571000218,10
dgp1,2000,24,10,RF,0.1374576228998115,1.3610254069969585,0.951,6.4345203046467905,0.27181572219997174,10
dgp1,2000,24,10,RF-H,0.11004306657386714,1.3236816524064352,0.951,6.412794557782263,0.0823757581999757,10
dgp1,2000,24,10,RF-tuned,0.0567118639131477,1.2849235205684877,0.952,6.261526339206894,14.508591984100008,10
dgp1,2000,24,10,RidgeRF,0.1302331906199456,1.3542886015995896,0.953,6.402828079923629,0.43283086059999504,10
dgp1,2000,24,10,SSRF,0.1119993375589563,1.3243917906289102,0.9544999999999999,6.424484793007169,0.27181572219997174,10
dgp1,2000,24,10,SSRF-H,0.13986435599129493,1.3534623384694158,0.952,6.510908859038047,0.0823757581999757,10
dgp1,2000,24,10,SSRF-JS,0.11373404263820065,1.326818308595959,0.955,6.432336889073381,0.27181572219997174,10
dgp1,2000,24,10,SSRF-JS-H,0.13983416004021965,1.3571940530764297,0.952,6.516446443207588,0.0823757581999757,10
dgp1,2000,24,10,SSRF-rob,0.12532924516161145,1.346404185816056,0.9535,6.431160103245477,0.31480624789999184,10
dgp1,2000,24,10,SSRF-tuned,0.06118086512204535,1.283066276108773,0.95,6.3008968652380615,14.74293675360001,10
dgp1,2000,24,500,GBM,0.07190803951522565,1.2952622665064468,0.9484999999999999,6.344446717441131,0.9835232461999567,10
dgp1,2000,24,500,LassoRF,0.07758262534324381,1.2973957506723763,0.953,6.303830077557085,2.4918445784999905,10
dgp1,2000,24,500,RF,0.0502579462010962,1.27050565620731,0.9495,6.258203407631861,13.664861836299973,10
dgp1,2000,24,500,RF-H,0.0570780613107721,1.2791267930809749,0.9535,6.297735745011911,3.7741077884999754,10
dgp1,2000,24,500,RF-tuned,0.04346946523961625,1.2687655968555904,0.9504999999999999,6.252038780250014,20.23563346359996,10
dgp1,2000,24,500,RidgeRF,0.056085154297988646,1.273261648381116,0.95,6.2534354408865545,8.864251227099976,10
dgp1,2000,24,500,SSRF,0.0507182299993371,1.2664072637624573,0.951,6.255873284283297,13.664861836299973,10
dgp1,2000,24,500,SSRF-H,0.13723722990787215,1.349787624045516,0.9484999999999999,6.331070750749702,3.7741077884999754,10
dgp1,2000,24,500,SSRF-JS,0.05090964004487295,1.266588032512964,0.951,6.258716735732342,13.664861836299973,10
dgp1,2000,24,500,SSRF-JS-H,0.13811245977010722,1.3505879219043027,0.9495,6.33385194767159,3.7741077884999754,10
dgp1,2000,24,500,SSRF-rob,0.0498613779205946,1.2684748900907117,0.95,6.262283429880176,14.69682039590001,10
dgp1,2000,24,500,SSRF-tuned,0.04525545765915215,1.2674556283200846,0.95,6.250344336944879,30.106137922399967,10
dgp2,300,10,10,GBM,0.0953213375635279,0.6922520986168086,0.951,4.9182164975018665,0.09514024039999636,10
dgp2,300,10,10,LassoRF,0.06708597983191306,0.678158295110421,0.95,4.594414429711567,0.06228937419998597,10
dgp2,300,10,10,RF,0.08338075259302336,0.7071757375651634,0.949,4.610267990228959,0.031033253399982592,10
dgp2,300,10,10,RF-H,0.08789309928686476,0.6886252362173912,0.951,4.60822763870982,0.02011382280002174,10
dgp2,300,10,10,RF-tuned,0.0522146364520257,0.6596229640837478,0.954,4.636470599471984,2.6531736179000065,10
dgp2,300,10,10,RidgeRF,0.07914466320640295,0.6960223815756805,0.952,4.65448559569259,0.027720501499993527,10
dgp2,300,10,10,SSRF,0.06851961277433645,0.6784034377252564,0.953,4.56960684424745,0.031033253399982592,10
dgp2,300,10,10,SSRF-H,0.0909815577665202,0.7037174587478274,0.955,4.556894493210311,0.02011382280002174,10
dgp2,300,10,10,SSRF-JS,0.0699696449994955,0.6814843444353482,0.953,4.569062636932575,0.031033253399982592,10
dgp2,300,10,10,SSRF-JS-H,0.09035087707800195,0.701321097654269,0.955,4.567045307766197,0.02011382280002174,10
dgp2,300,10,10,SSRF-rob,0.07539723368588655,0.6978941095067244,0.948,4.5779283865509175,0.04602094399997435,10
dgp2,300,10,10,SSRF-tuned,0.054495179613432254,0.6665263477322757,0.952,4.539865142034484,2.6859055340999705,10
dgp2,300,10,500,GBM,0.0953213375635279,0.6922520986168086,0.95,4.637133325151741,0.11550812350003521,10
dgp2,300,10,500,LassoRF,0.0402464727197226,0.667550074358204,0.954,4.527741093574213,1.0202115031999939,10
dgp2,300,10,500,RF,0.047639166146835055,0.6625821867021324,0.958,4.504268509957829,1.3992448441999386,10
dgp2,300,10,500,RF-H,0.0546525516994566,0.652769255026141,0.949,4.517768198643376,0.8911109833000183,10
dgp2,300,10,500,RF-tuned,0.039149261102779,0.6521879415071488,0.956,4.497409346282686,3.669264174900036,10
dgp2,300,10,500,RidgeRF,0.05143936921621,0.6636293578020322,0.957,4.455552652353422,1.0957142788000283,10
dgp2,300,10,500,SSRF,0.046763117746505295,0.6537878321075328,0.954,4.499429603282165,1.3992448441999386,10
dgp2,300,10,500,SSRF-H,0.08630752139758724,0.698003630669968,0.942,4.676480945319688,0.8911109833000183,10
dgp2,300,10,500,SSRF-JS,0.0467404872393982,0.6544289891592929,0.954,4.502709299015628,1.3992448441999386,10
dgp2,300,10,500,SSRF-JS-H,0.08460229075852925,0.6945756162599569,0.943,4.669445663731643,0.8911109833000183,10
dgp2,300,10,500,SSRF-rob,0.0462939350816357,0.6584445054449533,0.956,4.510039737641333,2.1984177992999774,10
dgp2,300,10,500,SSRF-tuned,0.04092749759952695,0.6514794074401278,0.956,4.4932488270204995,5.1779831749000325,10
dgp2,600,20,10,GBM,0.05593848169768885,0.7417457848452544,0.949,4.838346037642412,0.2803441150998878,10
dgp2,600,20,10,LassoRF,0.060001438857936545,0.7396574642269738,0.944,4.876372558484684,0.09458601859996632,10
dgp2,600,20,10,RF,0.08401631206702259,0.7612464630946767,0.947,4.931673058180214,0.06650138770005463,10
dgp2,600,20,10,RF-H,0.08227528662765685,0.7597942048983395,0.946,4.917645490493758,0.029466595800022283,10
dgp2,600,20,10,RF-tuned,0.04418669921522815,0.7218227151782597,0.947,4.834388472526912,4.11486159500007,10
dgp2,600,20,10,RidgeRF,0.0835790365172568,0.7436957792488367,0.947,4.860970080031664,0.24718263050003766,10
dgp2,600,20,10,SSRF,0.06879469657342599,0.744697185433217,0.947,4.895352039080982,0.06650138770005463,10
dgp2,600,20,10,SSRF-H,0.0906985559138822,0.7675962755543781,0.948,4.889849740665351,0.029466595800022283,10
dgp2,600,20,10,SSRF-JS,0.07021051395461625,0.7469785464598179,0.946,4.901852157450725,0.06650138770005463,10
dgp2,600,20,10,SSRF-JS-H,0.08882983137503606,0.7675277394833964,0.949,4.90276118533592,0.029466595800022283,10
dgp2,600,20,10,SSRF-rob,0.07596481988326001,0.753472276108929,0.948,4.9137074819306905,0.08465826059998557,10
dgp2,600,20,10,SSRF-tuned,0.0440122084874886,0.7276902750350168,0.945,4.8769767825388906,4.174298159500085,10
dgp2,600,20,500,GBM,0.05593848169768885,0.7417457848452544,0.947,4.7196671460032515,0.29709577650003205,10
dgp2,600,20,500,LassoRF,0.03363589838495605,0.7124340595210079,0.944,4.654274078030536,1.2286561081000174,10
dgp2,600,20,500,RF,0.03830732065062445,0.7196352154471138,0.948,4.664221063119982,3.1578797449999683,10
dgp2,600,20,500,RF-H,0.051679615151043204,0.7327823859015743,0.946,4.697098776294496,1.402456491500061,10
dgp2,600,20,500,RF-tuned,0.02923157538351505,0.7112690671755593,0.95,4.673093486551879,5.868920977200014,10
dgp2,600,20,500,RidgeRF,0.0447126747777877,0.7208652285859852,0.948,4.624031675770128,2.2109024721000425,10
dgp2,600,20,500,SSRF,0.03815560875613275,0.7200755615550046,0.947,4.662786462331706,3.1578797449999683,10
dgp2,600,20,500,SSRF-H,0.08572600535607044,0.7695281404381151,0.946,4.764823258921676,1.402456491500061,10
dgp2,600,20,500,SSRF-JS,0.0381865748433989,0.7200622570328967,0.947,4.66256811845493,3.1578797449999683,10
dgp2,600,20,500,SSRF-JS-H,0.0852289813740052,0.7687775331077231,0.946,4.762978343530197,1.402456491500061,10
dgp2,600,20,500,SSRF-rob,0.0376496490875138,0.7200079063547566,0.947,4.66263081836216,4.123661871800005,10
dgp2,600,20,500,SSRF-tuned,0.03239930489120725,0.7123730929638759,0.95,4.676817224260439,9.035084031099995,10
dgp2,1200,20,10,GBM,0.04267244252455395,0.7064558522390721,0.9475,4.848238826528335,0.5056927567999991,10
dgp2,1200,20,10,LassoRF,0.049622722948717,0.6945818082231048,0.9541666666666666,4.777685066091224,0.10622887669996994,10
dgp2,1200,20,10,RF,0.06773835989488425,0.7158893426447868,0.9516666666666667,4.854111066197332,0.12782327259992593,10
dgp2,1200,20,10,RF-H,0.06577085285160411,0.7214761364901668,0.9441666666666666,4.859782630914127,0.04724564050002295,10
dgp2,1200,20,10,RF-tuned,0.026438567323229252,0.6661079681915254,0.9483333333333334,4.761856964759792,7.0065838932000135,10
dgp2,1200,20,10,RidgeRF,0.07375876152497304,0.7211239111982,0.9500000000000001,4.837995808119756,0.4265653383999961,10
dgp2,1200,20,10,SSRF,0.05594370796328325,0.705436941080011,0.9500000000000001,4.84117208422485,0.12782327259992593,10
dgp2,1200,20,10,SSRF-H,0.07957651853360914,0.7287381872336267,0.9475,4.891047977752889,0.04724564050002295,10
dgp2,1200,20,10,SSRF-JS,0.05658847569379084,0.7065104316553653,0.95,4.845036485857157,0.12782327259992593,10
dgp2,1200,20,10,SSRF-JS-H,0.08064284408015135,0.7303931527446692,0.9475,4.8913552825778694,0.04724564050002295,10
dgp2,1200,20,10,SSRF-rob,0.06111667603875825,0.7109190296722063,0.9533333333333334,4.849322223878756,0.14883183349988935,10
dgp2,1200,20,10,SSRF-tuned,0.02760915753936185,0.6685683004546114,0.9525000000000001,4.756097804963606,7.116373835999911,10
dgp2,1200,20,500,GBM,0.04267244252455395,0.7064558522390721,0.9508333333333334,4.7858430690623495,0.5130790796000383,10
dgp2,1200,20,500,LassoRF,0.02525082736865365,0.6722314426936018,0.9516666666666667,4.744279292465061,1.6883251442000529,10
dgp2,1200,20,500,RF,0.02682954746425065,0.6723906764383856,0.9525000000000001,4.768600897568582,6.095592118799959,10
dgp2,1200,20,500,RF-H,0.037458080197726853,0.6853515882291467,0.9533333333333334,4.769311963388129,2.1186990538999906,10
dgp2,1200,20,500,RF-tuned,0.019313367666471848,0.6609997133462222,0.9500000000000001,4.731763494433352,9.886184424500016,10
dgp2,1200,20,500,RidgeRF,0.03793900042497145,0.6872401223193014,0.9550000000000001,4.858129918611508,4.16149520050003,10
dgp2,1200,20,500,SSRF,0.02740284663146535,0.6744286806744282,0.9516666666666668,4.756309095545322,6.095592118799959,10
dgp2,1200,20,500,SSRF-H,0.0812519267068691,0.7289421685663888,0.9516666666666668,4.825927034419635,2.1186990538999906,10
dgp2,1200,20,500,SSRF-JS,0.02740315675213385,0.6744621928384457,0.9516666666666668,4.757569996883157,6.095592118799959,10
dgp2,1200,20,500,SSRF-JS-H,0.08115584472463525,0.728948724963957,0.9525000000000001,4.8252851572771345,2.1186990538999906,10
dgp2,1200,20,500,SSRF-rob,0.026678341183645503,0.6730365656148483,0.9508333333333334,4.7648003777559245,7.21538989250007,10
dgp2,1200,20,500,SSRF-tuned,0.01976691844341745,0.6630878382621976,0.9516666666666667,4.72995647339988,15.540734473100065,10
dgp2,2000,24,10,GBM,0.03082223512498045,0.6852317206993417,0.947,4.683628884494772,0.5774475569999595,10
dgp2,2000,24,10,LassoRF,0.046977017458310996,0.7054237900755632,0.95,4.6836743295061805,0.10772604490002773,10
dgp2,2000,24,10,RF,0.06859181411561295,0.7407672376523424,0.948,4.8008874138499555,0.17907686200010173,10
dgp2,2000,24,10,RF-H,0.05611326686891285,0.7112590000884752,0.948,4.7522060366373235,0.05058035910001304,10
dgp2,2000,24,10,RF-tuned,0.0208594466060332,0.6786259848353744,0.9484999999999999,4.708784703269242,8.770008571799917,10
dgp2,2000,24,10,RidgeRF,0.0733816709015552,0.7328136549905119,0.9435,4.793420256110997,0.3465970692000155,10
dgp2,2000,24,10,SSRF,0.05193232203827325,0.7240795320161576,0.947,4.76705548935203,0.17907686200010173,10
dgp2,2000,24,10,SSRF-H,0.08077946963191895,0.7346827210603799,0.949,4.743887733766645,0.05058035910001304,10
dgp2,2000,24,10,SSRF-JS,0.053061604295331605,0.7255040319447348,0.948,4.767014791581733,0.17907686200010173,10
dgp2,2000,24,10,SSRF-JS-H,0.08185568576072415,0.7354940298963513,0.9484999999999999,4.74575564290167,0.05058035910001304,10
dgp2,2000,24,10,SSRF-rob,0.06120436893517705,0.7333590659748992,0.947,4.783167561202669,0.19567350070005884,10
dgp2,2000,24,10,SSRF-tuned,0.022821367752489698,0.6834348436429556,0.9495,4.7155674542309285,8.897412561299825,10
dgp2,2000,24,500,GBM,0.03082223512498045,0.6852317206993417,0.9555,4.701807782520446,0.5680711789000725,10
dgp2,2000,24,500,LassoRF,0.023089913519891397,0.690379836448453,0.9535,4.735847521380501,1.3975473042999966,10
dgp2,2000,24,500,RF,0.02356043880720915,0.6861851609328444,0.9535,4.693303212410409,8.95123866230001,10
dgp2,2000,24,500,RF-H,0.02734654887691655,0.689471835977695,0.9535,4.666354320992345,2.493629405500042,10
dgp2,2000,24,500,RF-tuned,0.0140007565957087,0.6738238593337355,0.954,4.6797632812567365,11.362540146799983,10
dgp2,2000,24,500,RidgeRF,0.033703014970541054,0.6962115968355587,0.953,4.741008639373462,5.387727534299893,10
dgp2,2000,24,500,SSRF,0.021710599583164097,0.6856301414331487,0.955,4.678721135425767,8.95123866230001,10
dgp2,2000,24,500,SSRF-H,0.07661399257312834,0.7313370209418129,0.9544999999999999,4.705374839977784,2.493629405500042,10
dgp2,2000,24,500,SSRF-JS,0.021841079239715552,0.6857731167122372,0.9544999999999999,4.678579332232767,8.95123866230001,10
dgp2,2000,24,500,SSRF-JS-H,0.07717663452381884,0.7318395863414597,0.9544999999999999,4.70599675055162,2.493629405500042,10
dgp2,2000,24,500,SSRF-rob,0.02186998153084905,0.6855937971335571,0.9535,4.687185538091667,9.132998339600045,10
dgp2,2000,24,500,SSRF-tuned,0.0152091603773632,0.6754287174748022,0.9544999999999999,4.674834520249128,17.5628303641,10
dgp3,300,10,10,GBM,0.14154888092411888,1.0637176899716696,0.952,6.2606714940346535,0.0484437989999605,10
dgp3,300,10,10,LassoRF,0.09206100438799975,0.9917709745029182,0.95,6.01786733486278,0.03362141820002757,10
dgp3,300,10,10,RF,0.10272548935822565,0.9873621862651654,0.944,5.950473865255743,0.01469060190006527,10
dgp3,300,10,10,RF-H,0.1044696432728985,0.9889216809476611,0.953,5.928765320693619,0.00930493930013649,10
dgp3,300,10,10,RF-tuned,0.06779932266613245,0.9538618086954183,0.951,5.831221870823541,1.251920849699991,10
dgp3,300,10,10,RidgeRF,0.10712776201756395,1.001509130118409,0.948,5.996610660693312,0.01462191539990268,10
dgp3,300,10,10,SSRF,0.09010084923567166,0.9668951618784053,0.942,5.915367825003801,0.01469060190006527,10
dgp3,300,10,10,SSRF-H,0.15372451951672725,1.037245709790528,0.949,5.986741172825883,0.00930493930013649,10
dgp3,300,10,10,SSRF-JS,0.09122660517068384,0.9681381504373854,0.944,5.917826930084235,0.01469060190006527,10
dgp3,300,10,10,SSRF-JS-H,0.14867901828999325,1.0361861091619051,0.951,5.97636456082206,0.00930493930013649,10
dgp3,300,10,10,SSRF-rob,0.09727989215268995,0.9773542706811493,0.945,5.934629078416533,0.02312868200010594,10
dgp3,300,10,10,SSRF-tuned,0.06404570000934585,0.9560756994148429,0.95,5.925685109668729,1.2679218382999806,10
dgp3,300,10,500,GBM,0.14154888092411888,1.0637176899716696,0.956,6.007050925445233,0.05103721179993951,10
dgp3,300,10,500,LassoRF,0.061658222519632155,0.9472636175852439,0.958,5.783356032304202,0.47449918350007464,10
dgp3,300,10,500,RF,0.04818476471352175,0.9391268500908527,0.961,5.768603723697146,0.697106588600036,10
dgp3,300,10,500,RF-H,0.0664870281212677,0.9464228225216362,0.957,5.7849810122543115,0.4397832015000859,10
dgp3,300,10,500,RF-tuned,0.037357538905076496,0.9246576006742518,0.959,5.716507366379953,1.7509774128001028,10
dgp3,300,10,500,RidgeRF,0.0631892446462755,0.9478042735723686,0.957,5.824168851711906,0.5236000338000849,10
dgp3,300,10,500,SSRF,0.05699085528981755,0.9413221369945908,0.958,5.781505391437767,0.697106588600036,10
dgp3,300,10,500,SSRF-H,0.1463040239735689,1.0285169459934815,0.951,5.917719754947296,0.4397832015000859,10
dgp3,300,10,500,SSRF-JS,0.056480903643158706,0.9415619180771055,0.959,5.785416735787246,0.697106588600036,10
dgp3,300,10,500,SSRF-JS-H,0.1410021849846106,1.023721471981513,0.951,5.910047260200306,0.4397832015000859,10
dgp3,300,10,500,SSRF-rob,0.050806109978519254,0.9382485150117499,0.962,5.761383711264056,1.1134408841000094,10
dgp3,300,10,500,SSRF-tuned,0.04539973057408645,0.92853951583418,0.959,5.728473211948325,2.5212852217001456,10
dgp3,600,20,10,GBM,0.0926254576160376,1.0540031959497649,0.946,6.655479257533463,0.11602516299994928,10
dgp3,600,20,10,LassoRF,0.09778343267248771,1.067578074006666,0.953,6.488316993122801,0.04614202519996975,10
dgp3,600,20,10,RF,0.10550574023812026,1.0628859387369531,0.943,6.624265102032004,0.03332428230005456,10
dgp3,600,20,10,RF-H,0.09726218214998895,1.0552822824868398,0.951,6.700476788460373,0.01492195549999445,10
dgp3,600,20,10,RF-tuned,0.05828923205402895,1.0137659113941244,0.952,6.508560563368328,2.0271501079001153,10
dgp3,600,20,10,RidgeRF,0.1072749592371604,1.0659106260522506,0.949,6.504947916451341,0.10125081020000833,10
dgp3,600,20,10,SSRF,0.08738695073047931,1.0564202306017956,0.945,6.6415391918388575,0.03332428230005456,10
dgp3,600,20,10,SSRF-H,0.14642547629883096,1.1161299293398708,0.951,6.693912284964135,0.01492195549999445,10
dgp3,600,20,10,SSRF-JS,0.0899856372139773,1.057494478083631,0.944,6.641620036523944,0.03332428230005456,10
dgp3,600,20,10,SSRF-JS-H,0.14623885753716795,1.1125291934849075,0.948,6.696735385151824,0.01492195549999445,10
dgp3,600,20,10,SSRF-rob,0.09901285193621806,1.0594591265634927,0.943,6.628740361464711,0.04397746069998898,10
dgp3,600,20,10,SSRF-tuned,0.06489354114263096,1.03245422077863,0.952,6.535107879189352,2.0586145935002604,10
dgp3,600,20,500,GBM,0.0926254576160376,1.0571734482904933,0.948,5.816430938396574,0.12093582659999809,10
dgp3,600,20,500,LassoRF,0.0672372956249005,1.0388536658214518,0.952,5.778191121555601,0.5976833083999736,10
dgp3,600,20,500,RF,0.0464665062450835,1.0171045008459934,0.947,5.799767207846881,1.6228057336999882,10
dgp3,600,20,500,RF-H,0.05580106087694685,1.0377369818513529,0.952,5.798197660036502,0.7009602292000181,10
dgp3,600,20,500,RF-tuned,0.03784516130627415,1.0090087952843356,0.952,5.743279708359356,2.848799814599988,10
dgp3,600,20,500,RidgeRF,0.06296529756383079,1.0337395399650113,0.95,5.790789721109134,1.0594929268999749,10
dgp3,600,20,500,SSRF,0.0523348079764514,1.0256792385502775,0.952,5.800329562493846,1.6228057336999882,10
dgp3,600,20,500,SSRF-H,0.1394908644806413,1.1246247451389273,0.952,5.9027421982696655,0.7009602292000181,10
dgp3,600,20,500,SSRF-JS,0.0524594938880765,1.0256026639176823,0.952,5.800997490814137,1.6228057336999882,10
dgp3,600,20,500,SSRF-JS-H,0.1376341965584318,1.1225033990050788,0.952,5.900825055742642,0.7009602292000181,10
dgp3,600,20,500,SSRF-rob,0.048648400770378394,1.0199420788058804,0.95,5.803330180141435,2.0705355673999746,10
dgp3,600,20,500,SSRF-tuned,0.0446266142503244,1.0144740153083376,0.952,5.760104965385194,4.356952583300017,10
dgp3,1200,20,10,GBM,0.09001208639462305,1.0823672325288323,0.9541666666666666,6.222276577344273,0.21136962820010008,10
dgp3,1200,20,10,LassoRF,0.0837878727961836,1.086648074743127,0.9566666666666668,6.213576244507192,0.041521614099974555,10
dgp3,1200,20,10,RF,0.1012209270966101,1.0802321065025589,0.9550000000000001,6.164473804144652,0.0643686184000671,10
dgp3,1200,20,10,RF-H,0.09082704075644725,1.0965393862347148,0.9600000000000001,6.162139331375373,0.023132778500075748,10
dgp3,1200,20,10,RF-tuned,0.04174199260287915,1.0380397791997429,0.955,5.959427308661008,3.618958371800045,10
dgp3,1200,20,10,RidgeRF,0.08692799254276634,1.0891111237522084,0.9558333333333333,6.240198115088742,0.05625443460007769,10
dgp3,1200,20,10,SSRF,0.083755181937137,1.070558285353789,0.9566666666666667,6.062202160862004,0.0643686184000671,10
dgp3,1200,20,10,SSRF-H,0.14380343195822015,1.1428097556436474,0.955,6.185248973697277,0.023132778500075748,10
dgp3,1200,20,10,SSRF-JS,0.08484032366465645,1.071540382495745,0.9566666666666667,6.057265511048049,0.0643686184000671,10
dgp3,1200,20,10,SSRF-JS-H,0.14596173730066053,1.1449927590973927,0.9525000000000001,6.184661955432466,0.023132778500075748,10
dgp3,1200,20,10,SSRF-rob,0.09470243254271771,1.07589517977322,0.9533333333333334,6.165166572180107,0.07559293359995532,10
dgp3,1200,20,10,SSRF-tuned,0.043982164539839746,1.0431886234508905,0.9583333333333334,5.964383608417847,3.6760972291001055,10
dgp3,1200,20,500,GBM,0.09001208639462305,1.0823672325288323,0.9583333333333334,6.319312259191521,0.21220458380003032,10
dgp3,1200,20,500,LassoRF,0.0575836921489257,1.0410024755023022,0.9600000000000001,6.298782029280503,0.7696136421000574,10
dgp3,1200,20,500,RF,0.03679825476564385,1.0352910276773493,0.9575,6.173868463879886,3.220905072799906,10
dgp3,1200,20,500,RF-H,0.047214240021155554,1.0450759831002174,0.9558333333333333,6.130625177380233,1.1304382535999593,10
dgp3,1200,20,500,RF-tuned,0.03016331396780925,1.0252841334139433,0.9566666666666667,6.07865084372452,5.084790201600117,10
dgp3,1200,20,500,RidgeRF,0.0470710472325108,1.0437109020294715,0.9583333333333334,6.192351767175658,1.9397632027999407,10
dgp3,1200,20,500,SSRF,0.0443830862870149,1.0418540776109406,0.9583333333333334,6.1762085392502515,3.220905072799906,10
dgp3,1200,20,500,SSRF-H,0.14007062474836102,1.12140655861885,0.9558333333333333,6.277949921419026,1.1304382535999593,10
dgp3,1200,20,500,SSRF-JS,0.0444860355799769,1.0420964844041842,0.9583333333333334,6.178259910815123,3.220905072799906,10
dgp3,1200,20,500,SSRF-JS-H,0.14011980967792798,1.120614494229278,0.9558333333333333,6.2777452543929035,1.1304382535999593,10
dgp3,1200,20,500,SSRF-rob,0.0381321031571114,1.0358786169652217,0.9575,6.180096654656663,3.6894794157000432,10
dgp3,1200,20,500,SSRF-tuned,0.0315342995622859,1.0311689350556619,0.9566666666666667,6.095115460239791,7.944145732600054,10
dgp3,2000,24,10,GBM,0.10930898202279299,1.269683191938669,0.95,6.798567685715872,0.3736933295000199,10
dgp3,2000,24,10,LassoRF,0.086472196604961,1.180703622311068,0.9475,6.613369759624506,0.05779984100008727,10
dgp3,2000,24,10,RF,0.11264206136269095,1.194660440322581,0.948,6.621089302455093,0.14255466359995805,10
dgp3,2000,24,10,RF-H,0.09387548367743975,1.1954544103745526,0.948,6.631235793643349,0.041263955300018966,10
dgp3,2000,24,10,RF-tuned,0.0428044714351174,1.1490355327000867,0.9464999999999999,6.500123987994867,7.266656045399986,10
dgp3,2000,24,10,RidgeRF,0.10706481951533615,1.2018214791936777,0.953,6.616498595794731,0.09922147759994002,10
dgp3,2000,24,10,SSRF,0.07890853303857631,1.1633898735326746,0.949,6.5580752833517995,0.14255466359995805,10
dgp3,2000,24,10,SSRF-H,0.13595295689845685,1.2330068237387248,0.9495,6.672186323521718,0.041263955300018966,10
dgp3,2000,24,10,SSRF-JS,0.0806415439988782,1.1664146440098575,0.95,6.562436332788112,0.14255466359995805,10
dgp3,2000,24,10,SSRF-JS-H,0.13878607594549147,1.2463507198211372,0.949,6.711189060432451,0.041263955300018966,10
dgp3,2000,24,10,SSRF-rob,0.10516770447695176,1.1878365680056069,0.948,6.610782403078494,0.1593137420999028,10
dgp3,2000,24,10,SSRF-tuned,0.04865512788706145,1.1436995649711736,0.9475,6.541970994268199,7.392106030999957,10
dgp3,2000,24,500,GBM,0.10930898202279299,1.269683191938669,0.9544999999999999,6.662890835299125,0.3785672296999564,10
dgp3,2000,24,500,LassoRF,0.04877867285197775,1.134059285775823,0.9595,6.385913885210558,1.5151992146999873,10
dgp3,2000,24,500,RF,0.0374454615669794,1.1231990305822033,0.958,6.325902176997779,7.298324147099947,10
dgp3,2000,24,500,RF-H,0.0386137026470085,1.1174042500028882,0.955,6.424040299827279,1.9979315437999048,10
dgp3,2000,24,500,RF-tuned,0.02736344078911335,1.110677051967709,0.9584999999999999,6.355467951919507,10.601185989500118,10
dgp3,2000,24,500,RidgeRF,0.04428251659144575,1.147163128524956,0.9555,6.3552162238887675,4.3885525309000055,10
dgp3,2000,24,500,SSRF,0.041309669742176994,1.1225976827744564,0.958,6.3934745474255426,7.298324147099947,10
dgp3,2000,24,500,SSRF-H,0.1324478199889328,1.215314653463743,0.956,6.599758732959682,1.9979315437999048,10
dgp3,2000,24,500,SSRF-JS,0.041582754851144696,1.1236404726541314,0.9584999999999999,6.392874235733731,7.298324147099947,10
dgp3,2000,24,500,SSRF-JS-H,0.1337519772369748,1.2166309876302834,0.956,6.600009170516213,1.9979315437999048,10
dgp3,2000,24,500,SSRF-rob,0.03623077387361065,1.1222403632702225,0.9595,6.3300303057550185,7.926564548500028,10
dgp3,2000,24,500,SSRF-tuned,0.0310806156267481,1.1162237439025402,0.9575,6.395162835196647,16.913519793800013,10
