experiment,dgp,n,p,B,min_leaf,rep,rule,mean_abs_C,mean_bound,rel_C,s_lambda,identity_err,mse_true,mse_common
heterogeneity,dgp1,300,10,10,5,0,EB,0.012025454489771829,0.04472931872162691,0.03134728752184307,0.06046599085623373,4.440892098500626e-16,0.11497200650722487,0.11662840149601154
heterogeneity,dgp1,300,10,10,5,0,JS,0.0068793325456474675,0.025478421288425757,0.017932662374648883,0.03477999006135536,4.440892098500626e-16,0.11782615749371494,0.11785575559123318
heterogeneity,dgp1,300,10,10,5,1,EB,0.012992743561422944,0.045569132323389085,0.03681726441281027,0.0571780358252472,3.3306690738754696e-16,0.12465871274098758,0.12644479264094308
heterogeneity,dgp1,300,10,10,5,1,JS,0.004346133354273761,0.017052988221453548,0.012315546760480104,0.02164413099048754,3.3306690738754696e-16,0.12765197655533717,0.12769169142593537
heterogeneity,dgp1,300,10,10,5,2,EB,0.015461988405149556,0.057752952706591414,0.04732389897226238,0.07401423701706875,4.440892098500626e-16,0.10796454843015346,0.10955566019590668
heterogeneity,dgp1,300,10,10,5,2,JS,0.009276739589781946,0.03418748626089632,0.02839295151667663,0.043770076972492945,4.440892098500626e-16,0.11108849536305922,0.11027858767906662
heterogeneity,dgp1,300,10,10,5,3,EB,0.01166187950078616,0.03995195059452019,0.034767551809191465,0.05183714270961289,4.440892098500626e-16,0.131479249754982,0.13230037145409046
heterogeneity,dgp1,300,10,10,5,3,JS,0.004074763328915647,0.015276782997201258,0.012148088576864292,0.019936494613873704,4.440892098500626e-16,0.133733156285424,0.1333962273016052
heterogeneity,dgp1,300,10,10,5,4,EB,0.011420396392033249,0.04369896175398919,0.034292236756365085,0.064382520730203,3.3306690738754696e-16,0.08988352405988553,0.09031322543035876
heterogeneity,dgp1,300,10,10,5,4,JS,0.006775962439109663,0.027463687395803356,0.020346308502590994,0.04050696953794848,4.440892098500626e-16,0.0911820783416644,0.09087250346013619
heterogeneity,dgp1,300,10,10,5,5,EB,0.024046647276341367,0.08656995905213667,0.07124944197614454,0.10367985957172392,4.440892098500626e-16,0.15766971645476202,0.1623537133020325
heterogeneity,dgp1,300,10,10,5,5,JS,0.017889295033703838,0.0693574426741213,0.05300540544594122,0.08323764367831085,4.440892098500626e-16,0.16355390391465446,0.16374604402181736
heterogeneity,dgp1,300,10,10,5,6,EB,0.014738804537093107,0.04710589280446127,0.04151191001856967,0.0612140294815281,5.551115123125783e-16,0.13297525315218406,0.13242276486417742
heterogeneity,dgp1,300,10,10,5,6,JS,0.00607865762174962,0.02250215909072886,0.0171205668405947,0.029446787184428794,4.440892098500626e-16,0.1334882667919477,0.13309324885409723
heterogeneity,dgp1,300,10,10,5,7,EB,0.02085798649093128,0.06795718484128092,0.05065388640788701,0.08368847186670303,6.661338147750939e-16,0.17358591728131392,0.1789931784219292
heterogeneity,dgp1,300,10,10,5,7,JS,0.014185468850267623,0.0497641139625854,0.03444959215485586,0.060897524199935084,6.661338147750939e-16,0.17735107585419183,0.17958039753457467
heterogeneity,dgp1,300,10,10,5,8,EB,0.015748530039175902,0.059931964862303615,0.04129805242860553,0.08084661495933361,4.440892098500626e-16,0.1162039477736631,0.11589541431644194
heterogeneity,dgp1,300,10,10,5,8,JS,0.009687257036547785,0.035452697443462064,0.025403313705439842,0.04788421893206115,4.440892098500626e-16,0.11774557347636021,0.11689934397523692
heterogeneity,dgp1,300,10,10,5,9,EB,0.01648616559201215,0.05638994354385717,0.041900548573876616,0.06852287178081676,4.440892098500626e-16,0.12359773483830987,0.12455154368748388
heterogeneity,dgp1,300,10,10,5,9,JS,0.00873916266617462,0.03326315075012511,0.02221109012555822,0.04068265437783568,3.3306690738754696e-16,0.1266261787320263,0.12551563636006297
heterogeneity,dgp1,300,10,10,5,10,EB,0.010955390892914113,0.042786574285246064,0.030212326474102148,0.05702096503862506,4.440892098500626e-16,0.12097947622088935,0.12179714856547255
heterogeneity,dgp1,300,10,10,5,10,JS,0.006156746139152089,0.023686484472317318,0.016978821312030122,0.03159172840910783,6.661338147750939e-16,0.12273447646265286,0.12236107134635003
heterogeneity,dgp1,300,10,10,5,11,EB,0.015131324648512374,0.05163426764023499,0.03813800402999528,0.06274819369458733,4.440892098500626e-16,0.10971875667207955,0.11218556466148001
heterogeneity,dgp1,300,10,10,5,11,JS,0.005523122465045183,0.020661717974971086,0.013920847759403516,0.025217063551926933,3.3306690738754696e-16,0.11364810616758803,0.11324662909022358
heterogeneity,dgp1,300,10,10,5,12,EB,0.012238701761900507,0.042687199982977424,0.038179463223913954,0.06024134864827325,4.440892098500626e-16,0.10799193997272621,0.10907725438552054
heterogeneity,dgp1,300,10,10,5,12,JS,0.005765941350770512,0.02178227769564596,0.017987246526285364,0.03071593524083631,3.3306690738754696e-16,0.10929498501698064,0.1092966785417615
heterogeneity,dgp1,300,10,10,5,13,EB,0.01184165546968201,0.04070510027763278,0.037999264933704584,0.05872147473911308,4.440892098500626e-16,0.13808333617199042,0.14064979724580906
heterogeneity,dgp1,300,10,10,5,13,JS,0.004321628451635028,0.016370631430943788,0.013867884004830348,0.023662476487015218,2.220446049250313e-16,0.14149453085087005,0.14182299633207937
heterogeneity,dgp1,300,10,10,5,14,EB,0.011618590437338318,0.043064549341709425,0.040125052435029555,0.06016585460862938,2.220446049250313e-16,0.11831169939292867,0.11913828939038403
heterogeneity,dgp1,300,10,10,5,14,JS,0.004899604710252812,0.019128429755368992,0.016920890444508164,0.02677704280122541,2.220446049250313e-16,0.11998504104722599,0.11966235861310363
heterogeneity,dgp1,300,10,100,5,0,EB,0.0064241486520433405,0.06639094050372416,0.020182031979076847,0.07814329326401592,5.551115123125783e-16,0.1199848870733824,0.12166909671389438
heterogeneity,dgp1,300,10,100,5,0,JS,0.003581155338732695,0.04222613073712886,0.011250516680580918,0.04977118237522308,4.440892098500626e-16,0.12149237128370274,0.1218633526797539
heterogeneity,dgp1,300,10,100,5,1,EB,0.004266322526088381,0.04908329465036662,0.011573932135709723,0.060362513111000396,6.661338147750939e-16,0.06502931668532434,0.06526588749197756
heterogeneity,dgp1,300,10,100,5,1,JS,0.002225420975612884,0.025002344979460595,0.006037253674007596,0.03073995017326916,6.661338147750939e-16,0.06618284647343556,0.06600176216052861
heterogeneity,dgp1,300,10,100,5,2,EB,0.004934313539368704,0.051598821855265466,0.016776241891931835,0.06836082844918846,6.661338147750939e-16,0.11620462684050659,0.11723899910842853
heterogeneity,dgp1,300,10,100,5,2,JS,0.002382757417188059,0.02753014087048288,0.008101170402247249,0.036558990066020515,4.440892098500626e-16,0.11778239433291485,0.1176426697495632
heterogeneity,dgp1,300,10,100,5,3,EB,0.007746498301681665,0.08817166001452935,0.025175465135085347,0.09231812342287263,3.3306690738754696e-16,0.09736476600955729,0.09913820323953453
heterogeneity,dgp1,300,10,100,5,3,JS,0.004984091543568274,0.05794748958715675,0.01619787651124088,0.06081601984656059,4.440892098500626e-16,0.09822921861947094,0.09924285077477372
heterogeneity,dgp1,300,10,100,5,4,EB,0.00462021100985185,0.050091298050634774,0.016079381801801455,0.06281287394119148,3.3306690738754696e-16,0.09117842468302335,0.09161154949838818
heterogeneity,dgp1,300,10,100,5,4,JS,0.0024043394688942166,0.027557902276531356,0.008367646460097567,0.03459385287826438,3.3306690738754696e-16,0.09183548023138195,0.0917482671311156
heterogeneity,dgp1,300,10,100,5,5,EB,0.0050916871415409605,0.05493440660037607,0.015186059043090595,0.06329444698608847,4.440892098500626e-16,0.06912828352751015,0.06945883670013575
heterogeneity,dgp1,300,10,100,5,5,JS,0.0019242360718491275,0.02490264352405918,0.0057390726860531115,0.02867743940211789,3.3306690738754696e-16,0.06978918493352936,0.06981538590344964
heterogeneity,dgp1,300,10,100,5,6,EB,0.004474008925840655,0.04717102412008697,0.014999527294437452,0.060196924902614746,4.440892098500626e-16,0.085560683679855,0.08595715501139745
heterogeneity,dgp1,300,10,100,5,6,JS,0.001950373730782555,0.023392308809922283,0.006538807698898333,0.029892621375836346,4.440892098500626e-16,0.08630179478900084,0.08625801882119624
heterogeneity,dgp1,300,10,100,5,7,EB,0.004930001027932344,0.05518643118408899,0.01538241303966429,0.06612772239628509,4.440892098500626e-16,0.08284317993509659,0.08363076444281012
heterogeneity,dgp1,300,10,100,5,7,JS,0.0021660123229489793,0.02747157371435514,0.006758314250205702,0.032959971572398244,4.440892098500626e-16,0.08355528203026724,0.08356080028202378
heterogeneity,dgp1,300,10,100,5,8,EB,0.005774025668998677,0.05724580422905214,0.016092646089883828,0.06741518416809619,6.661338147750939e-16,0.07876906049109111,0.07931935939678206
heterogeneity,dgp1,300,10,100,5,8,JS,0.002515802295447367,0.029465534176786014,0.007011731206898641,0.03475515766480142,6.661338147750939e-16,0.07989695862588286,0.07979226430515748
heterogeneity,dgp1,300,10,100,5,9,EB,0.004317810223213257,0.050749445261063855,0.012092107760064362,0.06250673264231932,4.440892098500626e-16,0.05981123482343651,0.06008900817486791
heterogeneity,dgp1,300,10,100,5,9,JS,0.0021257532167951484,0.02600007196942056,0.005953211382611716,0.03208087980316955,6.661338147750939e-16,0.060499310272370606,0.060338008901371566
heterogeneity,dgp1,300,10,100,5,10,EB,0.0052450370417850695,0.059241216950256886,0.017726245848348823,0.06801484843282378,5.551115123125783e-16,0.11075750541318834,0.11054774732363275
heterogeneity,dgp1,300,10,100,5,10,JS,0.002565991396603418,0.030419242908371197,0.008672082576076502,0.03495144081108804,4.440892098500626e-16,0.1104021980346595,0.11025800109596735
heterogeneity,dgp1,300,10,100,5,11,EB,0.005652497921749774,0.06532361984083353,0.020172837139035865,0.07258302841750229,4.440892098500626e-16,0.10491985604315779,0.10599637681943386
heterogeneity,dgp1,300,10,100,5,11,JS,0.002641348258699439,0.03360327616030999,0.009426538317722272,0.037375439078864515,3.3306690738754696e-16,0.10552216213645628,0.10568035627099613
heterogeneity,dgp1,300,10,100,5,12,EB,0.004243001248188691,0.0461797487777183,0.014628817619858072,0.06339460120281663,4.440892098500626e-16,0.06386762804011806,0.06421095248163466
heterogeneity,dgp1,300,10,100,5,12,JS,0.0018155862862243998,0.02180155889408249,0.006259691925763731,0.02999083369083629,3.3306690738754696e-16,0.0638532078633232,0.06394371699236283
heterogeneity,dgp1,300,10,100,5,13,EB,0.005721531840130961,0.062314679265437246,0.015673447562540552,0.07095849015316961,4.440892098500626e-16,0.08130584384909119,0.08214309417843758
heterogeneity,dgp1,300,10,100,5,13,JS,0.0031233483447155696,0.034592970313156925,0.008556036716790658,0.03941975647313649,6.661338147750939e-16,0.08268360270527131,0.08273817199500477
heterogeneity,dgp1,300,10,100,5,14,EB,0.004160917456517442,0.04461564570137595,0.01047707011687411,0.060174111124614585,4.440892098500626e-16,0.0811321336529488,0.08180850191820986
heterogeneity,dgp1,300,10,100,5,14,JS,0.002209563933027236,0.024156959717351326,0.005563618239477912,0.032643365006059494,4.440892098500626e-16,0.0821852647926371,0.08225182233047562
heterogeneity,dgp1,300,10,500,5,0,EB,0.0036293711827460077,0.07075243287851367,0.010855022191595863,0.08038210488610412,4.440892098500626e-16,0.06798891282699457,0.0680554182811377
heterogeneity,dgp1,300,10,500,5,0,JS,0.0017262862373138908,0.04352385552247473,0.0051631190284899,0.049403243869338025,2.220446049250313e-16,0.06797509661935679,0.0679395611938518
heterogeneity,dgp1,300,10,500,5,1,EB,0.00272535177892916,0.05875492671875825,0.008574320961640536,0.06792554925932731,4.440892098500626e-16,0.06395493593966221,0.06432564040670989
heterogeneity,dgp1,300,10,500,5,1,JS,0.00134595179453536,0.031101241671217833,0.004234544242863486,0.03594358677094523,4.440892098500626e-16,0.06434115571530886,0.06436112183962527
heterogeneity,dgp1,300,10,500,5,2,EB,0.002959664312858031,0.06493810054242144,0.007985200837302366,0.07275694521309249,4.440892098500626e-16,0.06565830758393389,0.06602651129136965
heterogeneity,dgp1,300,10,500,5,2,JS,0.001865854440639552,0.036521552931567634,0.005034092000552488,0.04094471385531077,3.3306690738754696e-16,0.06651952043187644,0.06635966445262122
heterogeneity,dgp1,300,10,500,5,3,EB,0.003297433676730966,0.06955190084154136,0.010574816001688895,0.07020356591274854,3.3306690738754696e-16,0.14720541082746644,0.14786052868600022
heterogeneity,dgp1,300,10,500,5,3,JS,0.001543622637403384,0.03622384536487175,0.004950372613033252,0.036593387363341875,3.3306690738754696e-16,0.14870324658109718,0.14847692407373092
heterogeneity,dgp1,300,10,500,5,4,EB,0.0025712840062733556,0.056949918269145666,0.00744682209276539,0.06908458543917524,4.440892098500626e-16,0.08015064502240572,0.08029240311588064
heterogeneity,dgp1,300,10,500,5,4,JS,0.0016221058981011303,0.03277489954820227,0.00469786068334466,0.03977970834525209,4.440892098500626e-16,0.0806246072298577,0.08057568178413325
heterogeneity,dgp1,300,10,500,5,5,EB,0.0035093484749496515,0.06765102151144671,0.008747809081068468,0.0732060297759916,3.3306690738754696e-16,0.07872545791799274,0.07917835655595327
heterogeneity,dgp1,300,10,500,5,5,JS,0.0021030427956638797,0.04127476773727298,0.005242288418236393,0.044712487157735153,3.3306690738754696e-16,0.07989421773794307,0.07987989960492453
heterogeneity,dgp1,300,10,500,5,6,EB,0.004522531108347376,0.07949579651485064,0.014240644379442632,0.08710159635307996,3.3306690738754696e-16,0.08754344444894986,0.0886682903478191
heterogeneity,dgp1,300,10,500,5,6,JS,0.0028963219974174467,0.055378913699580846,0.009120001739170071,0.06080809737351345,4.440892098500626e-16,0.08805012156777835,0.08865030380993565
heterogeneity,dgp1,300,10,500,5,7,EB,0.0028006013399754334,0.054741638087591284,0.009329974729358105,0.06772363996079124,4.440892098500626e-16,0.09699761962369219,0.09736535088159778
heterogeneity,dgp1,300,10,500,5,7,JS,0.0015501864891700437,0.030177343814369352,0.0051643197349451175,0.03738267100661588,4.440892098500626e-16,0.09806616805190033,0.09786023256798287
heterogeneity,dgp1,300,10,500,5,8,EB,0.0022629992021206895,0.04929421541272386,0.007132260711118174,0.060512739755278135,4.440892098500626e-16,0.0706285601366062,0.0708786706472543
heterogeneity,dgp1,300,10,500,5,8,JS,0.0010732709981818354,0.02461839426716529,0.00338261213947465,0.0302483505831512,5.551115123125783e-16,0.07097732202865734,0.07102030657408462
heterogeneity,dgp1,300,10,500,5,9,EB,0.0029639024710615774,0.060373372837604834,0.009574972380327503,0.06686532443428174,3.3306690738754696e-16,0.08377565001987503,0.08408444600443225
heterogeneity,dgp1,300,10,500,5,9,JS,0.0012971791787754513,0.031138668609602987,0.004190574733946032,0.03450471218782815,4.440892098500626e-16,0.08451332535288351,0.08438599056958906
heterogeneity,dgp1,300,10,500,5,10,EB,0.0023549188271247442,0.05308802317710968,0.006958955992961306,0.06140986344832585,4.440892098500626e-16,0.06728258595744996,0.06763927639838092
heterogeneity,dgp1,300,10,500,5,10,JS,0.0012001968526010865,0.027067178322185338,0.003546668778532468,0.03134358261035333,4.440892098500626e-16,0.06782362444012735,0.06780327931468111
heterogeneity,dgp1,300,10,500,5,11,EB,0.0024917372896952226,0.052929954647731974,0.007662795113787979,0.06421638443793277,2.7755575615628914e-16,0.06566250408588381,0.0657708357917841
heterogeneity,dgp1,300,10,500,5,11,JS,0.0011328023918822042,0.02623426875142246,0.003483686931724668,0.031845305441871516,3.3306690738754696e-16,0.0658079233813989,0.06569281399167463
heterogeneity,dgp1,300,10,500,5,12,EB,0.002882045806406212,0.060736238460908316,0.01029428207021324,0.06639926154626861,2.220446049250313e-16,0.07463433888451629,0.07477352688302037
heterogeneity,dgp1,300,10,500,5,12,JS,0.0014285233514532434,0.03195837473710479,0.005102494308403562,0.03495524037533028,2.220446049250313e-16,0.07471914723046277,0.07468237640510719
heterogeneity,dgp1,300,10,500,5,13,EB,0.0020809023960952173,0.0474293651608933,0.006924242151344012,0.06369668773734045,4.440892098500626e-16,0.058536218444488156,0.05862768503495603
heterogeneity,dgp1,300,10,500,5,13,JS,0.0011646805194889423,0.024473225894364396,0.003875496496629321,0.032863060156517465,2.220446049250313e-16,0.058320009030410146,0.05838581843965289
heterogeneity,dgp1,300,10,500,5,14,EB,0.0057525383529482815,0.09359462689671234,0.01713078196579945,0.09994196137492527,5.551115123125783e-16,0.07430006462976277,0.07564840610177817
heterogeneity,dgp1,300,10,500,5,14,JS,0.004411327863647798,0.06776070079798172,0.013136721769629845,0.07252825461538273,3.3306690738754696e-16,0.07469104900327662,0.0755257716951937
heterogeneity,dgp1,1200,10,10,5,0,EB,0.01220388195958552,0.04078275703773081,0.03278297057207068,0.05318025695190971,4.440892098500626e-16,0.083831989585007,0.0851668620195388
heterogeneity,dgp1,1200,10,10,5,0,JS,0.003557954776253478,0.012776737501105114,0.009557641340103354,0.016782442701992036,4.440892098500626e-16,0.08599125319429181,0.08575226749231464
heterogeneity,dgp1,1200,10,10,5,1,EB,0.014159393679911694,0.05308082792994355,0.03554527520557053,0.06451344891822025,3.3306690738754696e-16,0.10114805603678516,0.10287403596703522
heterogeneity,dgp1,1200,10,10,5,1,JS,0.007624245068457427,0.02709878445262772,0.019139653527503537,0.033018842897993825,4.440892098500626e-16,0.10379859127119591,0.10370403656162733
heterogeneity,dgp1,1200,10,10,5,2,EB,0.014834382427220804,0.050260048207901815,0.04050773245540239,0.060301452977438774,4.440892098500626e-16,0.10309458136109954,0.10469166431047937
heterogeneity,dgp1,1200,10,10,5,2,JS,0.004950641551406743,0.01804599981326898,0.01351854480163575,0.02183730638351295,4.440892098500626e-16,0.10484109299936095,0.10502719456565565
heterogeneity,dgp1,1200,10,10,5,3,EB,0.012190930183525428,0.044250588036583216,0.03726930033796612,0.05337628129990203,4.440892098500626e-16,0.11736753973963872,0.11870063544922363
heterogeneity,dgp1,1200,10,10,5,3,JS,0.003556425461782955,0.013018538558680624,0.01087246720876952,0.01579752669267493,3.3306690738754696e-16,0.1187950641791104,0.11891535863075918
heterogeneity,dgp1,1200,10,10,5,4,EB,0.01113265944502361,0.03851888808561174,0.03277395344005103,0.05164478535085723,4.440892098500626e-16,0.109027045513588,0.1100046119547606
heterogeneity,dgp1,1200,10,10,5,4,JS,0.0017891304946634134,0.006761392435353006,0.005267104398534831,0.009116140332726204,3.3306690738754696e-16,0.11019795439512763,0.11010923514118565
heterogeneity,dgp1,1200,10,10,5,5,EB,0.012509826897031789,0.04400731110727395,0.034492358499451564,0.05643439534540464,4.440892098500626e-16,0.08786083907804783,0.09006174169135771
heterogeneity,dgp1,1200,10,10,5,5,JS,0.0051357520406735534,0.018861929467721868,0.014160403817676585,0.024167315130923368,4.440892098500626e-16,0.0901597178476358,0.09025592072177573
heterogeneity,dgp1,1200,10,10,5,6,EB,0.013352270047888616,0.046167678762574306,0.032518506194232875,0.05522221216471837,6.661338147750939e-16,0.11181729012761311,0.11403129112669373
heterogeneity,dgp1,1200,10,10,5,6,JS,0.003990078987794858,0.014594808490180545,0.009717554229709654,0.017498382263723956,4.440892098500626e-16,0.11471100440243355,0.11438075684044384
heterogeneity,dgp1,1200,10,10,5,7,EB,0.012598899988382862,0.0438504394406086,0.03299570420010706,0.05573640999821883,4.440892098500626e-16,0.09287614859126571,0.09394940331830032
heterogeneity,dgp1,1200,10,10,5,7,JS,0.0032262231503755964,0.012052346406353703,0.008449269765732487,0.015343889289659738,4.440892098500626e-16,0.09410408959502706,0.09387633097446592
heterogeneity,dgp1,1200,10,10,5,8,EB,0.013607092004322351,0.04874501536950698,0.035392584357525014,0.05800169469491516,2.220446049250313e-16,0.10267403302152106,0.1036887935327689
heterogeneity,dgp1,1200,10,10,5,8,JS,0.005922087286373795,0.020946405947209965,0.015403583204187289,0.025086869927690037,4.440892098500626e-16,0.1034862741256981,0.10386688128799296
heterogeneity,dgp1,1200,10,10,5,9,EB,0.014090889705814132,0.048542906725350006,0.04040545113609739,0.05910332009213025,4.440892098500626e-16,0.09741427880859171,0.09964272764828919
heterogeneity,dgp1,1200,10,10,5,9,JS,0.005180898269134817,0.019186989760492015,0.014856161408192892,0.02359683083939032,4.440892098500626e-16,0.09961667086484903,0.09968838835532268
heterogeneity,dgp1,1200,10,10,5,10,EB,0.012779206655545317,0.044494257326177886,0.033330610144256534,0.05440273251428336,4.440892098500626e-16,0.08745958005232081,0.08944555255799047
heterogeneity,dgp1,1200,10,10,5,10,JS,0.004842603852157111,0.01705282578280985,0.0126304351615821,0.020909994705812715,4.440892098500626e-16,0.08996358050310406,0.09000459323270113
heterogeneity,dgp1,1200,10,10,5,11,EB,0.01107405775001224,0.04054141182590391,0.029435343351821668,0.05171562943212826,4.440892098500626e-16,0.083798948212529,0.08503617303703234
heterogeneity,dgp1,1200,10,10,5,11,JS,0.0033897646604106883,0.013060221276725566,0.009010146859758747,0.016866773176193815,3.3306690738754696e-16,0.08512420103081095,0.08521951732997957
heterogeneity,dgp1,1200,10,10,5,12,EB,0.014385296754094825,0.04840249113115064,0.04001844825029647,0.060631656389808955,4.440892098500626e-16,0.09015519192672572,0.0915771738565493
heterogeneity,dgp1,1200,10,10,5,12,JS,0.006177356231185629,0.02165953928663113,0.017184783524954384,0.027259760174807163,4.440892098500626e-16,0.09223195123942576,0.09192605979741654
heterogeneity,dgp1,1200,10,10,5,13,EB,0.012103377276218151,0.04147669797097071,0.030840133803806714,0.05554896503464479,3.3306690738754696e-16,0.08744366806604698,0.08963132309879927
heterogeneity,dgp1,1200,10,10,5,13,JS,0.0038065830493707836,0.0142164100613829,0.009699402728572898,0.019156640565504212,4.440892098500626e-16,0.08945719525252077,0.08959564430280556
heterogeneity,dgp1,1200,10,10,5,14,EB,0.011917023924279959,0.0420881088943677,0.036876739085648085,0.05585968328409604,4.440892098500626e-16,0.10677390783542848,0.1081158111242972
heterogeneity,dgp1,1200,10,10,5,14,JS,0.002214829720354773,0.008643377885248896,0.006853699231924368,0.011522569974424825,3.3306690738754696e-16,0.10835138517291937,0.10830945407844228
heterogeneity,dgp1,1200,10,100,5,0,EB,0.004314669550959843,0.048457909659209125,0.014577992648109722,0.05746514118900191,5.551115123125783e-16,0.05746495879811506,0.05770554852985375
heterogeneity,dgp1,1200,10,100,5,0,JS,0.001093145820926201,0.013810006781206613,0.00369341650677024,0.016406129911958924,8.881784197001252e-16,0.057755340683268444,0.0577873260537161
heterogeneity,dgp1,1200,10,100,5,1,EB,0.004002378412499763,0.04620028255492777,0.013081573991528221,0.056336865882286244,4.440892098500626e-16,0.05826572908755205,0.058747100343639676
heterogeneity,dgp1,1200,10,100,5,1,JS,0.0012419205495779136,0.01530906487811117,0.00405915530379746,0.018682622033587178,5.551115123125783e-16,0.058667213871182726,0.058673789727164964
heterogeneity,dgp1,1200,10,100,5,2,EB,0.004545845419886291,0.052598498635513566,0.016082884793696968,0.06200771290885368,3.885780586188048e-16,0.06821823372542012,0.06833831068255074
heterogeneity,dgp1,1200,10,100,5,2,JS,0.0014260000334016798,0.017875957023814705,0.0050450888964853795,0.02113809388661617,3.3306690738754696e-16,0.06836949841104456,0.06829075892332262
heterogeneity,dgp1,1200,10,100,5,3,EB,0.0046327245580698485,0.052000032564727905,0.015445929394458886,0.06154304683990152,4.440892098500626e-16,0.059053572520382985,0.059083139286987614
heterogeneity,dgp1,1200,10,100,5,3,JS,0.0012929019394937256,0.016062085353499383,0.0043106538757182785,0.01905453654510768,4.440892098500626e-16,0.05897225874954001,0.0590846084718639
heterogeneity,dgp1,1200,10,100,5,4,EB,0.0043906392140227075,0.04953605704002423,0.013475196554808251,0.05923149457384876,5.551115123125783e-16,0.0572257165173581,0.05741275873683823
heterogeneity,dgp1,1200,10,100,5,4,JS,0.0012413267697577604,0.015476376858879969,0.003809723686202316,0.01851553751314647,4.440892098500626e-16,0.057406150707407747,0.05736660803133316
heterogeneity,dgp1,1200,10,100,5,5,EB,0.0041279653132413295,0.04450401997024868,0.01162002011089832,0.05405976841451228,6.661338147750939e-16,0.05571599245303499,0.05612613177096308
heterogeneity,dgp1,1200,10,100,5,5,JS,0.0010986872964336434,0.013131361318978256,0.003092750910283889,0.015989412118988397,4.440892098500626e-16,0.05645791065818976,0.05640987723887426
heterogeneity,dgp1,1200,10,100,5,6,EB,0.004668137623017673,0.05001135306881513,0.014916357568603024,0.059529815683689986,3.3306690738754696e-16,0.05952934873508406,0.059880649270759936
heterogeneity,dgp1,1200,10,100,5,6,JS,0.0011093031882939202,0.014011725753942264,0.0035446176494443164,0.016696259854630212,4.440892098500626e-16,0.059787319561194506,0.05976639284853128
heterogeneity,dgp1,1200,10,100,5,7,EB,0.004922166285663257,0.05438801263702782,0.015788810487583918,0.06357630966868201,4.440892098500626e-16,0.05893846910337403,0.05944229739328222
heterogeneity,dgp1,1200,10,100,5,7,JS,0.0017973422744204848,0.022394914425132667,0.0057653266682200655,0.026166502125518864,3.3306690738754696e-16,0.059365592448073386,0.059515972487783175
heterogeneity,dgp1,1200,10,100,5,8,EB,0.003888065430351705,0.04351151743757101,0.014015871300376492,0.05594495848972312,4.440892098500626e-16,0.05554962836525264,0.05599691765827456
heterogeneity,dgp1,1200,10,100,5,8,JS,0.0010642953432190775,0.013304149478365746,0.0038366192193425254,0.017136512949381896,4.440892098500626e-16,0.05602118543306068,0.056028714621477266
heterogeneity,dgp1,1200,10,100,5,9,EB,0.0046465277694202655,0.05036861116900429,0.013641764747043908,0.06085479113593735,4.440892098500626e-16,0.05832277535214549,0.05885193476283308
heterogeneity,dgp1,1200,10,100,5,9,JS,0.0013832599706498012,0.016956800426098255,0.004061120053515105,0.02052063069052301,4.440892098500626e-16,0.058966141187575725,0.05898095002973807
heterogeneity,dgp1,1200,10,100,5,10,EB,0.004628233532923597,0.05187781131367667,0.014505841497686732,0.06112813158174013,4.440892098500626e-16,0.0577402290941324,0.05835751203095291
heterogeneity,dgp1,1200,10,100,5,10,JS,0.001471566536495951,0.016826561064658144,0.004612194000121232,0.019856040211757353,4.440892098500626e-16,0.05854562924797602,0.05853175045734647
heterogeneity,dgp1,1200,10,100,5,11,EB,0.004941245556201781,0.051597677976532294,0.012714498373576725,0.058001953961697196,6.661338147750939e-16,0.05411717446356658,0.05477952581364099
heterogeneity,dgp1,1200,10,100,5,11,JS,0.001323505133536119,0.015933726929626094,0.003405559119935843,0.01794750713160473,6.661338147750939e-16,0.05471376620083357,0.05468202286112877
heterogeneity,dgp1,1200,10,100,5,12,EB,0.00483844255733221,0.05262766118329196,0.016076559079844958,0.06163036821278651,4.440892098500626e-16,0.06057486620001646,0.06092250493940065
heterogeneity,dgp1,1200,10,100,5,12,JS,0.001760326477672224,0.02068377697549352,0.005848988033396589,0.02428044284604669,4.440892098500626e-16,0.060891919697612415,0.06090487893889039
heterogeneity,dgp1,1200,10,100,5,13,EB,0.005647095999229431,0.060411738704664666,0.019219131879969997,0.06949878167724995,3.3306690738754696e-16,0.0584878022306226,0.05912874678860201
heterogeneity,dgp1,1200,10,100,5,13,JS,0.002351094595041074,0.0269959045941833,0.008001634307358129,0.031084991849938383,3.3306690738754696e-16,0.058749468949598586,0.058999454699342924
heterogeneity,dgp1,1200,10,100,5,14,EB,0.00421601269008859,0.04579015007517282,0.012188457961837486,0.055774210089809866,4.440892098500626e-16,0.049204226892100154,0.049605499823014806
heterogeneity,dgp1,1200,10,100,5,14,JS,0.0012783867110135946,0.014617994142185658,0.00369580545210206,0.017846395060992223,6.661338147750939e-16,0.04965564435531175,0.04965089944230742
heterogeneity,dgp1,1200,10,500,5,0,EB,0.0024572091357009055,0.0510752342582106,0.008845845015301895,0.060348827279739246,2.220446049250313e-16,0.06224332694973796,0.06248501171767386
heterogeneity,dgp1,1200,10,500,5,0,JS,0.0006169376290099698,0.015880140333836702,0.0022209483804370347,0.018782353073583388,2.220446049250313e-16,0.0624416284680118,0.062475631705678485
heterogeneity,dgp1,1200,10,500,5,1,EB,0.0021642715003545375,0.04527397994562317,0.006745871701941513,0.056002167325322844,6.661338147750939e-16,0.04510234747362089,0.04531878627018691
heterogeneity,dgp1,1200,10,500,5,1,JS,0.0005214748371164912,0.014111779175478999,0.0016253978978157007,0.01746146776604259,6.661338147750939e-16,0.045326618805245716,0.04532490144324434
heterogeneity,dgp1,1200,10,500,5,2,EB,0.0022601646527067613,0.049750470620429456,0.007995527388544622,0.060333625779422535,4.440892098500626e-16,0.0663686471418038,0.06659713745540051
heterogeneity,dgp1,1200,10,500,5,2,JS,0.0006096044437008223,0.016215817757773605,0.002156528295383801,0.019690621270035718,4.440892098500626e-16,0.06666142067624554,0.06663977726635152
heterogeneity,dgp1,1200,10,500,5,3,EB,0.0024404302748962077,0.05172177532323695,0.007452731553121514,0.059335239214466026,3.3306690738754696e-16,0.05693069843799488,0.05702530729102219
heterogeneity,dgp1,1200,10,500,5,3,JS,0.0006407524017600432,0.016392212992773443,0.0019567679074701545,0.018824972031526215,3.3306690738754696e-16,0.05696251183503337,0.0569835714532185
heterogeneity,dgp1,1200,10,500,5,4,EB,0.00251556116588565,0.05102305210421652,0.008133001965244623,0.060122443122677595,3.3306690738754696e-16,0.05703494866257811,0.057091596718178865
heterogeneity,dgp1,1200,10,500,5,4,JS,0.0005831161230182106,0.01602121407014097,0.001885259097964828,0.018885703992000895,2.220446049250313e-16,0.05703417682253976,0.057035907470905714
heterogeneity,dgp1,1200,10,500,5,5,EB,0.0024590595336987696,0.052703702656815864,0.008517329964764984,0.062499918130629835,4.440892098500626e-16,0.05237640665598677,0.052585575620771985
heterogeneity,dgp1,1200,10,500,5,5,JS,0.0007067476788395087,0.01872146565212664,0.0024479290151440624,0.02220926004065883,4.440892098500626e-16,0.05250113271853353,0.052551147721706944
heterogeneity,dgp1,1200,10,500,5,6,EB,0.0023109609374132997,0.04996576278229959,0.007372882519952917,0.058229956751206624,3.3306690738754696e-16,0.0483238558018036,0.04849690871267384
heterogeneity,dgp1,1200,10,500,5,6,JS,0.0006144033507611246,0.016204497921861346,0.0019601905214796152,0.01890852527530067,2.220446049250313e-16,0.048524700037339726,0.048513490151458394
heterogeneity,dgp1,1200,10,500,5,7,EB,0.002276560617592209,0.04934186013426326,0.007948932095402575,0.058700502273024854,2.220446049250313e-16,0.0591580297698402,0.059406526043825354
heterogeneity,dgp1,1200,10,500,5,7,JS,0.0005992792601183503,0.015339667251572644,0.002092467957168691,0.018281610693629095,3.3306690738754696e-16,0.05939487843368455,0.05939593988838773
heterogeneity,dgp1,1200,10,500,5,8,EB,0.0022580982368592124,0.04834360282180212,0.0069930904606374435,0.057721446293826174,3.3306690738754696e-16,0.04538554635929839,0.04569535964231736
heterogeneity,dgp1,1200,10,500,5,8,JS,0.0005300866353953597,0.014792880173625289,0.0016416220219234903,0.01768146170222098,2.220446049250313e-16,0.04567060018406607,0.04570180871424493
heterogeneity,dgp1,1200,10,500,5,9,EB,0.0023918901607193725,0.04971778373484573,0.007965316985678875,0.058567178086066915,4.440892098500626e-16,0.047409351075316596,0.04759661123890585
heterogeneity,dgp1,1200,10,500,5,9,JS,0.0005603472758602355,0.014469721926701687,0.0018660320392580435,0.01705645176332721,3.3306690738754696e-16,0.04755816704333351,0.04757681090883903
heterogeneity,dgp1,1200,10,500,5,10,EB,0.0023987103016653304,0.04887176922740184,0.008153169391664425,0.05873765718450841,3.3306690738754696e-16,0.060612002824188306,0.06084867677103724
heterogeneity,dgp1,1200,10,500,5,10,JS,0.0005191667963730094,0.014261537113400205,0.0017646377849039096,0.017162768304714113,2.220446049250313e-16,0.06085036255426816,0.060870329499777595
heterogeneity,dgp1,1200,10,500,5,11,EB,0.002475757169905423,0.04896611888600789,0.007667059123068233,0.0570372261591747,6.661338147750939e-16,0.04875448637995281,0.04916135156713095
heterogeneity,dgp1,1200,10,500,5,11,JS,0.000601598422602073,0.015212333713736485,0.0018630626341317978,0.017749620455929788,4.440892098500626e-16,0.0491905576933,0.04918991842363813
heterogeneity,dgp1,1200,10,500,5,12,EB,0.0021403585010533062,0.04558875251223263,0.006938540970635387,0.056953741006524186,2.220446049250313e-16,0.046274075155916944,0.04629307064945297
heterogeneity,dgp1,1200,10,500,5,12,JS,0.0005656673438146464,0.014527267482681346,0.0018337610446459815,0.018166608662457562,4.440892098500626e-16,0.04628110672056498,0.0462715075595745
heterogeneity,dgp1,1200,10,500,5,13,EB,0.00227580936254063,0.048550434256711086,0.007792213185703897,0.05824469171530338,4.440892098500626e-16,0.05352456899743781,0.05370993485543758
heterogeneity,dgp1,1200,10,500,5,13,JS,0.000573441044004922,0.0147163316972828,0.00196342230499071,0.01767460531369487,4.440892098500626e-16,0.05368743714637817,0.05369150902960918
heterogeneity,dgp1,1200,10,500,5,14,EB,0.0025159374416449326,0.05314824110027097,0.009010407004758357,0.06116278190723757,2.220446049250313e-16,0.05726945374600025,0.05748004573643075
heterogeneity,dgp1,1200,10,500,5,14,JS,0.0006099414174045039,0.01630610881849522,0.0021844026520311997,0.018787310656680094,4.440892098500626e-16,0.05750191185989647,0.05752522804702941
heterogeneity,dgp2,300,10,10,5,0,EB,0.00893708656516134,0.029692315628846003,0.03765185959944849,0.055412001242692736,2.220446049250313e-16,0.055703065594212786,0.055698516677578684
heterogeneity,dgp2,300,10,10,5,0,JS,0.003058847663806901,0.011229426903621418,0.012886895738788144,0.021104035232340713,4.440892098500626e-16,0.05596485567075787,0.05592083037952143
heterogeneity,dgp2,300,10,10,5,1,EB,0.00801973285437847,0.02713270647865672,0.02590965675378557,0.04886073906718134,4.440892098500626e-16,0.07214499962292416,0.07283984451723467
heterogeneity,dgp2,300,10,10,5,1,JS,0.0032135364223289595,0.01238900347767132,0.010382094663274692,0.02240714806982156,4.440892098500626e-16,0.07337059219786463,0.07337392392246914
heterogeneity,dgp2,300,10,10,5,2,EB,0.009089185766296304,0.030109763329385083,0.033408376149060184,0.05478035338991969,3.3306690738754696e-16,0.0672431045464867,0.0668321538080498
heterogeneity,dgp2,300,10,10,5,2,JS,0.0037476755986738147,0.014323469338285011,0.01377502444161922,0.026144056129629226,3.3306690738754696e-16,0.06779498497526919,0.06750182058468672
heterogeneity,dgp2,300,10,10,5,3,EB,0.00838563762911337,0.027801634607947465,0.030357097186050522,0.05300812578375938,3.3306690738754696e-16,0.046793826711717106,0.04729743220817995
heterogeneity,dgp2,300,10,10,5,3,JS,0.0037459364640405712,0.014135109926370919,0.013560776451494894,0.02700572400056577,3.3306690738754696e-16,0.04768527619100735,0.047452395732963976
heterogeneity,dgp2,300,10,10,5,4,EB,0.0118169153971675,0.04051205629394515,0.048436976798719486,0.06783823599845692,2.220446049250313e-16,0.06652085788761805,0.06792559673506958
heterogeneity,dgp2,300,10,10,5,4,JS,0.006483091271719188,0.024531898140701284,0.02657388421241584,0.0416673768607635,3.3306690738754696e-16,0.06810103635918151,0.06856213512242663
heterogeneity,dgp2,300,10,10,5,5,EB,0.009213977759899152,0.029118470086687765,0.03285703334659558,0.05167216471016437,3.3306690738754696e-16,0.07323136850818357,0.0754151252454034
heterogeneity,dgp2,300,10,10,5,5,JS,0.0029303075541679373,0.011400504203313159,0.010449473130064365,0.02031947726867924,4.440892098500626e-16,0.07609772953111639,0.07628834841666896
heterogeneity,dgp2,300,10,10,5,6,EB,0.009734190437392702,0.033338544523309255,0.04035817618537232,0.059107927003057496,3.3306690738754696e-16,0.06053392334587274,0.06154625022060506
heterogeneity,dgp2,300,10,10,5,6,JS,0.004425781879186553,0.01601754895356286,0.01834939289374345,0.028549026222022832,2.7755575615628914e-16,0.06254523522400875,0.062076477024271125
heterogeneity,dgp2,300,10,10,5,7,EB,0.014124082221277139,0.047337864385873674,0.060325165336263614,0.07740513821735368,4.440892098500626e-16,0.08803860710181724,0.08892974181313056
heterogeneity,dgp2,300,10,10,5,7,JS,0.009440316442025103,0.03288106915544804,0.04032040038211541,0.05412776761488424,3.3306690738754696e-16,0.08952499954437192,0.09007788889715067
heterogeneity,dgp2,300,10,10,5,8,EB,0.0110234959231335,0.04281344363030874,0.03913985614379852,0.07278237781257492,3.3306690738754696e-16,0.07023254763345008,0.06959576330226667
heterogeneity,dgp2,300,10,10,5,8,JS,0.007492763294608288,0.02731362671963386,0.02660369083595938,0.046390185216682395,3.3306690738754696e-16,0.07075067706551502,0.07042211913278837
heterogeneity,dgp2,300,10,10,5,9,EB,0.012701506054017745,0.0474733156383231,0.04804705712095716,0.07775971114429964,3.3306690738754696e-16,0.07303865801632387,0.07393397025292654
heterogeneity,dgp2,300,10,10,5,9,JS,0.008335442483423449,0.03204865903198549,0.031531180588054375,0.052529965410676616,2.220446049250313e-16,0.07405173231868929,0.07441786961000747
heterogeneity,dgp2,300,10,10,5,10,EB,0.009573052269531057,0.038046285155772144,0.04091056139266552,0.06628464353165069,2.220446049250313e-16,0.07802106399468571,0.07812295385299842
heterogeneity,dgp2,300,10,10,5,10,JS,0.004996429779718713,0.02102532994474733,0.021352306609450665,0.0371122262931286,4.440892098500626e-16,0.07931550379986145,0.07908438738833987
heterogeneity,dgp2,300,10,10,5,11,EB,0.009390505500114632,0.031621417792561494,0.03290937305610167,0.05412537945298139,3.3306690738754696e-16,0.06029337026851235,0.05998558777759229
heterogeneity,dgp2,300,10,10,5,11,JS,0.005182914584026216,0.018198544049171327,0.018163715421022502,0.031114331662660803,4.440892098500626e-16,0.060990349642229845,0.06039612859822131
heterogeneity,dgp2,300,10,10,5,12,EB,0.011750895737990366,0.04547632135140552,0.045097633606741995,0.07875390539503328,3.3306690738754696e-16,0.06442092380758217,0.0649083623193535
heterogeneity,dgp2,300,10,10,5,12,JS,0.007771367025129276,0.027883022358210705,0.029824982753419774,0.04832954921616988,4.440892098500626e-16,0.06519942447778393,0.06536143307280551
heterogeneity,dgp2,300,10,10,5,13,EB,0.011582689663386705,0.03926122542824467,0.04041254410610395,0.06467178183128669,4.440892098500626e-16,0.07117292751786974,0.07194011302990773
heterogeneity,dgp2,300,10,10,5,13,JS,0.0051868653798760895,0.020605617791896527,0.018097215070802142,0.03417917266889142,4.440892098500626e-16,0.07219382981008368,0.07221684529958176
heterogeneity,dgp2,300,10,10,5,14,EB,0.010837114011628077,0.03827942213906744,0.04052562461317015,0.06431224469569602,2.220446049250313e-16,0.06980504568466801,0.07052404146975237
heterogeneity,dgp2,300,10,10,5,14,JS,0.0060963172195224085,0.021290811266205956,0.02279731143329132,0.03563123341031,2.220446049250313e-16,0.07105391056840098,0.0711010373177473
heterogeneity,dgp2,300,10,100,5,0,EB,0.00518854066910473,0.05262803113175886,0.023758971060670597,0.0802696805522117,3.3306690738754696e-16,0.05114033447062741,0.051301139502394434
heterogeneity,dgp2,300,10,100,5,0,JS,0.0028817197126696586,0.03160130959974742,0.013195751874119196,0.04833888489372512,2.220446049250313e-16,0.05096527991921961,0.05116705588695048
heterogeneity,dgp2,300,10,100,5,1,EB,0.0039053313946592768,0.04056924584495684,0.01924145472272651,0.06656668604509802,3.3306690738754696e-16,0.0451158239791521,0.04563281950740611
heterogeneity,dgp2,300,10,100,5,1,JS,0.0015344966476107313,0.019273902610720775,0.0075604205593296425,0.03172927531668893,3.3306690738754696e-16,0.04551513727408354,0.04558420594900014
heterogeneity,dgp2,300,10,100,5,2,EB,0.0065442483002049944,0.07286900255943053,0.024851077108298255,0.10571964391284663,3.3306690738754696e-16,0.04452692407223274,0.045408632474726054
heterogeneity,dgp2,300,10,100,5,2,JS,0.005253126365110518,0.056329106265100154,0.01994818081014847,0.08198074297936479,2.7755575615628914e-16,0.04544875653569534,0.04550716700821473
heterogeneity,dgp2,300,10,100,5,3,EB,0.0045720002381086184,0.0519063813362088,0.01881588444099748,0.07134599780222592,4.440892098500626e-16,0.05456977658337579,0.0544344351104795
heterogeneity,dgp2,300,10,100,5,3,JS,0.002476641018882126,0.02999653314457324,0.010192517232325927,0.041228985795631,4.440892098500626e-16,0.05473553810646608,0.05445960518302499
heterogeneity,dgp2,300,10,100,5,4,EB,0.005144375897949558,0.052437508481397686,0.027932374546843303,0.08105745783728875,3.3306690738754696e-16,0.04574318350131995,0.04624408737710656
heterogeneity,dgp2,300,10,100,5,4,JS,0.0025409533993507307,0.031934755472785036,0.013796593302022979,0.04940391420653039,4.440892098500626e-16,0.04605374636072566,0.04613277353753633
heterogeneity,dgp2,300,10,100,5,5,EB,0.004659393124932281,0.0538638023635726,0.022392033751177837,0.08233349845754384,3.3306690738754696e-16,0.05320269983207106,0.05284317380025968
heterogeneity,dgp2,300,10,100,5,5,JS,0.0026089684278713552,0.03272089806928703,0.012538136947502544,0.050000174851362954,2.220446049250313e-16,0.05285901247818954,0.05267770331644047
heterogeneity,dgp2,300,10,100,5,6,EB,0.0031106871873380214,0.036631217851371314,0.012673284283972863,0.061206223897702014,5.551115123125783e-16,0.04058769591802369,0.04090042270602665
heterogeneity,dgp2,300,10,100,5,6,JS,0.001546045816307445,0.017906714293398004,0.0062987619667660335,0.029941281916654808,3.3306690738754696e-16,0.040752001738004924,0.040840980006479385
heterogeneity,dgp2,300,10,100,5,7,EB,0.003922781449319302,0.04258750432836048,0.015195919369853603,0.06513075013568752,3.3306690738754696e-16,0.050295229148713066,0.05055590852951539
heterogeneity,dgp2,300,10,100,5,7,JS,0.001984450324434369,0.023332824894060026,0.007687287072497302,0.03569848837912081,4.440892098500626e-16,0.05065177732089798,0.05078372181064178
heterogeneity,dgp2,300,10,100,5,8,EB,0.004551518542946156,0.04818739031773623,0.020804779636544892,0.07188230291764003,3.3306690738754696e-16,0.0393121742399781,0.03932318400209694
heterogeneity,dgp2,300,10,100,5,8,JS,0.0027544562535998626,0.028538271116547987,0.012590491466514954,0.04264978322909702,4.440892098500626e-16,0.03939878439545738,0.039303149688066426
heterogeneity,dgp2,300,10,100,5,9,EB,0.003656636041873526,0.044232664283159036,0.0157432909781373,0.0675679197013131,5.551115123125783e-16,0.044877235752565185,0.04481697266246582
heterogeneity,dgp2,300,10,100,5,9,JS,0.0018349288662361176,0.022424060178119525,0.007900107840795038,0.034252978225413885,3.3306690738754696e-16,0.04478550846822345,0.04480203152120844
heterogeneity,dgp2,300,10,100,5,10,EB,0.004384871349847181,0.04867164386540446,0.020483445417373777,0.0790798952982752,3.3306690738754696e-16,0.04682833128245988,0.047122086885134196
heterogeneity,dgp2,300,10,100,5,10,JS,0.0024283860763396514,0.0293592326228222,0.01134393912121214,0.04774666764534829,2.7755575615628914e-16,0.04695344053743925,0.047075792476357896
heterogeneity,dgp2,300,10,100,5,11,EB,0.006829269475461452,0.08312886613474922,0.02499673181423799,0.09980629297126464,4.440892098500626e-16,0.08397268812977071,0.08344927856529742
heterogeneity,dgp2,300,10,100,5,11,JS,0.0045918694847532195,0.059652202797106674,0.016807321844420797,0.07148212073996123,4.440892098500626e-16,0.08415701547499202,0.08380930472122136
heterogeneity,dgp2,300,10,100,5,12,EB,0.003545138027805673,0.03684874488949563,0.01552772097895714,0.06309949997563259,3.3306690738754696e-16,0.05019177719690056,0.05062898264515527
heterogeneity,dgp2,300,10,100,5,12,JS,0.001404083107079805,0.01742387030496128,0.006149890511173491,0.02985204787841678,3.3306690738754696e-16,0.050706410640642956,0.05075272682260696
heterogeneity,dgp2,300,10,100,5,13,EB,0.004119219960234605,0.04902367147633762,0.019918893729254865,0.07381770639405844,3.3306690738754696e-16,0.04827483787902194,0.04822464625098167
heterogeneity,dgp2,300,10,100,5,13,JS,0.0022711408967981237,0.02745026132732617,0.010982325441273573,0.041380117746822945,4.440892098500626e-16,0.04788822954931622,0.04810739471656465
heterogeneity,dgp2,300,10,100,5,14,EB,0.00347282102386764,0.04071755771566774,0.01558424152420105,0.06765632633477872,3.3306690738754696e-16,0.04197938325993975,0.04217065545812656
heterogeneity,dgp2,300,10,100,5,14,JS,0.0018499658810796577,0.022472178513305373,0.008301699080987709,0.03737722504776201,3.3306690738754696e-16,0.04217231108540313,0.04209010093134332
heterogeneity,dgp2,300,10,500,5,0,EB,0.003754495534575477,0.06145595804909726,0.02043999091828611,0.09701575447045047,1.3877787807814457e-16,0.06307017682047128,0.06390496060485934
heterogeneity,dgp2,300,10,500,5,0,JS,0.0023930356842004957,0.04361860195394133,0.013028015934961928,0.0689591687963678,2.220446049250313e-16,0.06364383361274452,0.06397001214860737
heterogeneity,dgp2,300,10,500,5,1,EB,0.0018856807551072472,0.039188826492480684,0.006847682682483355,0.06260545184583095,3.3306690738754696e-16,0.018401585104922416,0.018664381075744058
heterogeneity,dgp2,300,10,500,5,1,JS,0.0009723153249872351,0.020281369219845687,0.0035308770027986996,0.03243541400613096,3.3306690738754696e-16,0.01873573548075793,0.018731607783288105
heterogeneity,dgp2,300,10,500,5,2,EB,0.002153780132626081,0.04169931352288978,0.009548902692022937,0.06744018602377097,3.3306690738754696e-16,0.038001501128817686,0.03822621704849616
heterogeneity,dgp2,300,10,500,5,2,JS,0.0013141726000703078,0.022632268787593297,0.005826456511739385,0.03662736423366379,2.220446049250313e-16,0.03820636379339815,0.03823902891163213
heterogeneity,dgp2,300,10,500,5,3,EB,0.0024814567092229867,0.049379416100606435,0.01133350312317092,0.07396061946196325,2.220446049250313e-16,0.06415486291393378,0.06450908521890034
heterogeneity,dgp2,300,10,500,5,3,JS,0.0012455773200699212,0.028053188907814365,0.005688898135798495,0.04206634599009709,2.220446049250313e-16,0.06467827939957399,0.06462461863393447
heterogeneity,dgp2,300,10,500,5,4,EB,0.0018464009788475508,0.038906370356413644,0.008404555303540758,0.06227541575268552,3.3306690738754696e-16,0.08187887772586984,0.08189556625049696
heterogeneity,dgp2,300,10,500,5,4,JS,0.0009176092134165366,0.01895090011168382,0.004176826956629647,0.03035513911811226,3.3306690738754696e-16,0.08197865668046168,0.08197354588252176
heterogeneity,dgp2,300,10,500,5,5,EB,0.002366014971768175,0.04524591105721017,0.011128316203892579,0.06885229934168226,2.220446049250313e-16,0.04616310820507731,0.0462312340958279
heterogeneity,dgp2,300,10,500,5,5,JS,0.0008759686827043546,0.022785978061688725,0.004120031615250671,0.034692261448953106,3.3306690738754696e-16,0.04612581519535409,0.046147922180756834
heterogeneity,dgp2,300,10,500,5,6,EB,0.0020831931840932824,0.04521195567043191,0.00789743177639375,0.06864341418014591,3.3306690738754696e-16,0.02986083181696421,0.029899465081777335
heterogeneity,dgp2,300,10,500,5,6,JS,0.0011113479708768001,0.023703624323921015,0.004213144919468085,0.0360314609399084,2.220446049250313e-16,0.029925576355729084,0.029896148850223184
heterogeneity,dgp2,300,10,500,5,7,EB,0.0018408067970254974,0.041509042385803725,0.008938091157675661,0.06921429095636947,3.3306690738754696e-16,0.038672125132778276,0.03876793489048709
heterogeneity,dgp2,300,10,500,5,7,JS,0.0009142755499676685,0.021724341835837685,0.0044392916312834966,0.036271058910843125,2.220446049250313e-16,0.0386322898069825,0.03872602923666681
heterogeneity,dgp2,300,10,500,5,8,EB,0.0019830293641549535,0.043788743705903174,0.010724325565887857,0.06915347808815334,2.220446049250313e-16,0.058794025140959084,0.05866546284734656
heterogeneity,dgp2,300,10,500,5,8,JS,0.0010501939296421927,0.023393661806940497,0.005679503194649589,0.03695624612075155,2.220446049250313e-16,0.05858367220103388,0.05857352897056866
heterogeneity,dgp2,300,10,500,5,9,EB,0.002096051188465658,0.043095617378691047,0.009707197255199794,0.0672277461235079,3.3306690738754696e-16,0.04666003065184193,0.04682615607487182
heterogeneity,dgp2,300,10,500,5,9,JS,0.0009427118170849831,0.021873360968826708,0.004365871221852411,0.034134719299483286,2.220446049250313e-16,0.046625683307236994,0.04671307410793678
heterogeneity,dgp2,300,10,500,5,10,EB,0.0026311492000593065,0.0544892411097276,0.012735706665191264,0.07933843412537298,2.220446049250313e-16,0.060904215314456694,0.06132085321385011
heterogeneity,dgp2,300,10,500,5,10,JS,0.001427572593227803,0.032026684012094304,0.006909963825010723,0.04665551525289226,2.220446049250313e-16,0.061307640539064,0.06143480393022776
heterogeneity,dgp2,300,10,500,5,11,EB,0.001918861997763573,0.03890782344177803,0.008015970856014264,0.06365152135042335,2.220446049250313e-16,0.04403831881903252,0.044203709300297364
heterogeneity,dgp2,300,10,500,5,11,JS,0.001011491381812772,0.01918522808434227,0.004225465639097925,0.03138334649770856,2.220446049250313e-16,0.044051527043767594,0.04412590557760466
heterogeneity,dgp2,300,10,500,5,12,EB,0.0023096130107847055,0.04936089930472211,0.011785409270375328,0.07166169553143613,2.220446049250313e-16,0.04437946373089599,0.04443763910601638
heterogeneity,dgp2,300,10,500,5,12,JS,0.0010457643133536586,0.025593447218857188,0.00533628810353752,0.037183749049776324,2.220446049250313e-16,0.04425573821759434,0.04430412026843844
heterogeneity,dgp2,300,10,500,5,13,EB,0.0018211582994903395,0.04048826422401369,0.009769734064973879,0.07466681516122747,2.220446049250313e-16,0.039946202373574206,0.03999786341155621
heterogeneity,dgp2,300,10,500,5,13,JS,0.0011213203247826136,0.023154424574337647,0.006015403151852361,0.042737224866176066,1.6653345369377348e-16,0.03960995310563781,0.03973129653144073
heterogeneity,dgp2,300,10,500,5,14,EB,0.0027601641644362535,0.05604684402417243,0.013628868595926475,0.08677868925273491,2.220446049250313e-16,0.04540949365244775,0.04569028642952682
heterogeneity,dgp2,300,10,500,5,14,JS,0.0014185539598585793,0.0351212864828115,0.007004396971834623,0.054351942541843196,2.220446049250313e-16,0.04540575535275158,0.0455258926439538
heterogeneity,dgp2,1200,10,10,5,0,EB,0.008535487538944864,0.030135462650417024,0.0302610782792402,0.054186992097692,4.440892098500626e-16,0.05815205883201867,0.05895230207913486
heterogeneity,dgp2,1200,10,10,5,0,JS,0.0022017007609089327,0.00787879575233378,0.0078057449875398735,0.014201881095993915,4.440892098500626e-16,0.05874181771472702,0.0588106626788481
heterogeneity,dgp2,1200,10,10,5,1,EB,0.009998733650981898,0.03460845505146432,0.034244550465600515,0.05732219841880602,6.661338147750939e-16,0.04564439668671956,0.04644013292776452
heterogeneity,dgp2,1200,10,10,5,1,JS,0.003211764424396227,0.011573632756824681,0.01099993586728417,0.019426778595939824,2.220446049250313e-16,0.04634615548222047,0.0463885362141109
heterogeneity,dgp2,1200,10,10,5,2,EB,0.010516118123115255,0.036374004770733694,0.035677541104599475,0.058605181999705436,4.440892098500626e-16,0.058394309963450665,0.059760079273147096
heterogeneity,dgp2,1200,10,10,5,2,JS,0.0032602398372363647,0.011870012014213354,0.011060862900368002,0.019256224259735083,3.3306690738754696e-16,0.05988542926155938,0.05991978437243891
heterogeneity,dgp2,1200,10,10,5,3,EB,0.011046530632696986,0.03798751621001181,0.04096631305689294,0.06263956987106771,2.220446049250313e-16,0.06159482413873218,0.06268090064613772
heterogeneity,dgp2,1200,10,10,5,3,JS,0.00474548956288041,0.01702259338470309,0.017598757248339186,0.028083473256467567,2.220446049250313e-16,0.06299214798041652,0.06307213280074851
heterogeneity,dgp2,1200,10,10,5,4,EB,0.008871929649189902,0.03010321974279882,0.030977250712052252,0.05330118286305582,4.440892098500626e-16,0.048123115731441034,0.04880333818956135
heterogeneity,dgp2,1200,10,10,5,4,JS,0.002553382379753906,0.00946191348074655,0.008915396003911698,0.016856005523382924,3.3306690738754696e-16,0.048789883000036484,0.04885907870992473
heterogeneity,dgp2,1200,10,10,5,5,EB,0.008275439753677326,0.02851432957187257,0.02896534017089968,0.05128836683275463,3.3306690738754696e-16,0.05084642605935913,0.05139226503462318
heterogeneity,dgp2,1200,10,10,5,5,JS,0.001956132178498344,0.007324286945664112,0.006846770160373625,0.01323149415470115,3.3306690738754696e-16,0.051713760928250814,0.05159872416848314
heterogeneity,dgp2,1200,10,10,5,6,EB,0.010221121708570608,0.033212049284218975,0.037740421720116636,0.05599717403047127,4.440892098500626e-16,0.05092809419643144,0.05200819699838915
heterogeneity,dgp2,1200,10,10,5,6,JS,0.0037366635315926777,0.012751869886781978,0.013797238848084287,0.021612943701833948,4.440892098500626e-16,0.05225038642303788,0.05236002631834507
heterogeneity,dgp2,1200,10,10,5,7,EB,0.009288685173119824,0.029906036455950094,0.03579282780063424,0.05254919547804563,4.440892098500626e-16,0.057619612660507455,0.05870469365305204
heterogeneity,dgp2,1200,10,10,5,7,JS,0.0016056841789212934,0.005687652849547825,0.006187310286352327,0.010050201864264679,3.3306690738754696e-16,0.05895745899188735,0.05897172748926971
heterogeneity,dgp2,1200,10,10,5,8,EB,0.010778878638333924,0.03696233965410352,0.03556329377240427,0.06545277138453753,3.3306690738754696e-16,0.047461690657755816,0.04820188471292113
heterogeneity,dgp2,1200,10,10,5,8,JS,0.006129957513957002,0.022349738753803833,0.020224875629076197,0.03979501281428573,3.3306690738754696e-16,0.04836299584996227,0.048206057304460016
heterogeneity,dgp2,1200,10,10,5,9,EB,0.009300246294927436,0.032946328624735656,0.03127086337229761,0.05414995968664916,4.440892098500626e-16,0.05965330636312553,0.06159940043038136
heterogeneity,dgp2,1200,10,10,5,9,JS,0.0022052593057402254,0.008684806179018834,0.007414896365476149,0.014332897566458716,4.440892098500626e-16,0.06217093631287862,0.06213380072067171
heterogeneity,dgp2,1200,10,10,5,10,EB,0.009977070039572577,0.035223193787806355,0.03186598910090927,0.057705226358420875,4.440892098500626e-16,0.04962997754754488,0.050881152245042756
heterogeneity,dgp2,1200,10,10,5,10,JS,0.003625869112226553,0.012678187299309777,0.011580745163986519,0.02090213308424087,4.440892098500626e-16,0.051324821810436766,0.05132594937644565
heterogeneity,dgp2,1200,10,10,5,11,EB,0.009564382176491797,0.03225858769203377,0.03269242148916379,0.05452983013952373,2.7755575615628914e-16,0.04975387499177816,0.05063849970656452
heterogeneity,dgp2,1200,10,10,5,11,JS,0.0032053854065535133,0.011522800014903583,0.01095646418268698,0.019770125074217985,3.3306690738754696e-16,0.050851437137369566,0.05078219342425197
heterogeneity,dgp2,1200,10,10,5,12,EB,0.009650052002594365,0.0330586190355426,0.03339085790291524,0.05540252218479915,3.3306690738754696e-16,0.051476674729849035,0.052240142402215216
heterogeneity,dgp2,1200,10,10,5,12,JS,0.00329550214360396,0.0123045730907109,0.011403010446601617,0.02070734280064498,3.3306690738754696e-16,0.052345189158453334,0.05236103225625683
heterogeneity,dgp2,1200,10,10,5,13,EB,0.009679803683932061,0.03373397452460131,0.032518577668793056,0.05711353850362707,3.3306690738754696e-16,0.05286487620194144,0.05374144912488299
heterogeneity,dgp2,1200,10,10,5,13,JS,0.001714224182579859,0.006180145781410878,0.005758808137346691,0.010507181814545808,3.3306690738754696e-16,0.053927504506918064,0.05383078367916448
heterogeneity,dgp2,1200,10,10,5,14,EB,0.007555175414608974,0.027942175602694717,0.02406957964044348,0.05232845422988764,4.440892098500626e-16,0.037842056738337376,0.038073623811128145
heterogeneity,dgp2,1200,10,10,5,14,JS,0.0026286472489499752,0.01032925507320725,0.008374449411577126,0.01943550453144672,3.3306690738754696e-16,0.03815973995057662,0.038103046606511884
heterogeneity,dgp2,1200,10,100,5,0,EB,0.0032823910189284365,0.03634814744916789,0.012541411958274119,0.05812797004704818,3.3306690738754696e-16,0.032042666952379416,0.03237526279212077
heterogeneity,dgp2,1200,10,100,5,0,JS,0.0008322049172930026,0.010344818793157249,0.0031797018214119537,0.01657852365391248,3.3306690738754696e-16,0.032498860297103034,0.03246935340636669
heterogeneity,dgp2,1200,10,100,5,1,EB,0.0032021597649994544,0.037720010030790195,0.011795535672789912,0.0592880051857633,4.440892098500626e-16,0.023790477425004213,0.02397251247407013
heterogeneity,dgp2,1200,10,100,5,1,JS,0.0011499497077841314,0.014229243056033205,0.004235976277118818,0.022389778263140328,4.440892098500626e-16,0.024023907739202564,0.02402635316171007
heterogeneity,dgp2,1200,10,100,5,2,EB,0.0033089538324668705,0.03911982032663663,0.012899044355913613,0.06206249193442971,3.3306690738754696e-16,0.02845099138564114,0.028654836316269507
heterogeneity,dgp2,1200,10,100,5,2,JS,0.0011014593251783423,0.013898841541630702,0.00429373554635485,0.022062693366938408,3.3306690738754696e-16,0.028602054533404156,0.02863954311556315
heterogeneity,dgp2,1200,10,100,5,3,EB,0.0033988284072211453,0.038297234233477286,0.014699323137764213,0.06209539206470761,3.3306690738754696e-16,0.02927108090179955,0.0294202111377897
heterogeneity,dgp2,1200,10,100,5,3,JS,0.0010677315248818122,0.0128118250081186,0.004617747302355737,0.020802403293113756,5.551115123125783e-16,0.029471829363774727,0.02942930447022753
heterogeneity,dgp2,1200,10,100,5,4,EB,0.0034015163170122856,0.03736833358467267,0.014410485705514451,0.060315451199893955,4.440892098500626e-16,0.031126437160036727,0.03127131344633875
heterogeneity,dgp2,1200,10,100,5,4,JS,0.0009748228940604065,0.01154617253956677,0.0041298262513126665,0.018674101652968084,3.3306690738754696e-16,0.03126842573798415,0.03125464607043579
heterogeneity,dgp2,1200,10,100,5,5,EB,0.003448481735666184,0.0385028176864106,0.01364966494034309,0.06264985519722295,4.440892098500626e-16,0.023960490718795014,0.024082380943390675
heterogeneity,dgp2,1200,10,100,5,5,JS,0.001185257197660509,0.014092463030979432,0.004691445353724798,0.022955356257977087,4.440892098500626e-16,0.02410960229961128,0.024129947998777317
heterogeneity,dgp2,1200,10,100,5,6,EB,0.004270221351824412,0.04538691713773559,0.016111326322360082,0.06881140126860479,3.3306690738754696e-16,0.029082413285184096,0.029256113884383178
heterogeneity,dgp2,1200,10,100,5,6,JS,0.0016321041298346137,0.01987410994492128,0.0061578452406460295,0.03014181070024149,3.3306690738754696e-16,0.0292783588030945,0.02929453724773811
heterogeneity,dgp2,1200,10,100,5,7,EB,0.003981902994767734,0.044503634510457246,0.01609951911057766,0.06823763886071607,3.3306690738754696e-16,0.03445752503787815,0.0346997818890552
heterogeneity,dgp2,1200,10,100,5,7,JS,0.0015469069899388768,0.01863855237053346,0.006254411189708,0.028621333693383183,3.3306690738754696e-16,0.034519929276605736,0.03462444220788868
heterogeneity,dgp2,1200,10,100,5,8,EB,0.0031502106295684318,0.03353630886496566,0.012513337512385345,0.05797995361071703,3.3306690738754696e-16,0.018599455198656325,0.018698157892533582
heterogeneity,dgp2,1200,10,100,5,8,JS,0.0009417675290935843,0.011620950208128072,0.0037409101598287935,0.020101671870720483,3.3306690738754696e-16,0.01868495483016389,0.018690162803985465
heterogeneity,dgp2,1200,10,100,5,9,EB,0.0032647348629965024,0.03409585667838938,0.013707022381558364,0.05753095173182967,3.3306690738754696e-16,0.026552444961168598,0.02668766286775697
heterogeneity,dgp2,1200,10,100,5,9,JS,0.0008283546157614358,0.009872306181989352,0.003477855242335905,0.016674118002115452,3.3306690738754696e-16,0.026656021952288833,0.026691342856121472
heterogeneity,dgp2,1200,10,100,5,10,EB,0.003855852978386892,0.04206575979813978,0.015470569272235047,0.06756285979906107,3.3306690738754696e-16,0.03861757771880133,0.03889025622245892
heterogeneity,dgp2,1200,10,100,5,10,JS,0.0015026828314346256,0.018168505176402457,0.0060291092446251105,0.029210867419401838,3.3306690738754696e-16,0.03898294788403145,0.038951055602476185
heterogeneity,dgp2,1200,10,100,5,11,EB,0.003943951625039078,0.042548925372875836,0.015563175053579733,0.06554613648062098,3.3306690738754696e-16,0.024419743085842893,0.024613510261142234
heterogeneity,dgp2,1200,10,100,5,11,JS,0.0013920189632166066,0.016103803652448873,0.005493027517097895,0.024880725441074142,3.3306690738754696e-16,0.02462959452884013,0.02461705773886769
heterogeneity,dgp2,1200,10,100,5,12,EB,0.0036091478242730036,0.038904940668973494,0.015963433674591635,0.061608119625659166,3.3306690738754696e-16,0.0347194918409714,0.03503180291776013
heterogeneity,dgp2,1200,10,100,5,12,JS,0.0009762130243893355,0.011850450756313123,0.004317836959269108,0.01880908783132333,3.3306690738754696e-16,0.034961595856408956,0.03497579525458052
heterogeneity,dgp2,1200,10,100,5,13,EB,0.006379973065578113,0.06784753315875694,0.024236769395143645,0.09415342629431263,3.3306690738754696e-16,0.035325414941113055,0.03599514176759783
heterogeneity,dgp2,1200,10,100,5,13,JS,0.00401661987302329,0.04533325010263883,0.015258667804672839,0.06307223327063875,3.3306690738754696e-16,0.03560907577265202,0.03602193549418273
heterogeneity,dgp2,1200,10,100,5,14,EB,0.00441606216511611,0.04904893517602197,0.01706605018376266,0.07340008358143348,4.440892098500626e-16,0.027812398931271794,0.0280130714485297
heterogeneity,dgp2,1200,10,100,5,14,JS,0.0019134780928061511,0.024254322901870653,0.007394713193875893,0.03637362873336908,3.3306690738754696e-16,0.028080170177419737,0.02807091979757076
heterogeneity,dgp2,1200,10,500,5,0,EB,0.0016893048064516858,0.035884594111022634,0.007235448631376582,0.0588510364172027,2.220446049250313e-16,0.02414860369099405,0.024265047600782717
heterogeneity,dgp2,1200,10,500,5,0,JS,0.00044610212731427656,0.011524552450904117,0.0019106966452726885,0.018916502822978288,2.220446049250313e-16,0.024245577727289875,0.02424914554352193
heterogeneity,dgp2,1200,10,500,5,1,EB,0.0018076771620272934,0.037013906283567016,0.007218136042146096,0.062540798682201,2.220446049250313e-16,0.025648386793800347,0.025743002516158298
heterogeneity,dgp2,1200,10,500,5,1,JS,0.0005142629684949442,0.012972335299448478,0.0020534751149211858,0.021938279820932893,2.220446049250313e-16,0.025734066369908187,0.025744426006923855
heterogeneity,dgp2,1200,10,500,5,2,EB,0.0020812366581891527,0.04210989341264215,0.007683055282905975,0.06471169797845931,3.3306690738754696e-16,0.024009827349368816,0.02415502801008128
heterogeneity,dgp2,1200,10,500,5,2,JS,0.0006858506256231677,0.016440484771495407,0.00253187365874253,0.02528915001157125,3.3306690738754696e-16,0.02415162833048531,0.024177296833542923
heterogeneity,dgp2,1200,10,500,5,3,EB,0.0021536340156895067,0.04324151470604124,0.008585995185699804,0.06418919800465102,2.220446049250313e-16,0.02900549785852213,0.029229894455020066
heterogeneity,dgp2,1200,10,500,5,3,JS,0.0005368342952459124,0.014109588848676097,0.0021402228238042815,0.020970387422455723,2.220446049250313e-16,0.02930110221564518,0.029296119965887917
heterogeneity,dgp2,1200,10,500,5,4,EB,0.0019179614060366094,0.038093934396813516,0.007605110047800088,0.06043987815790302,3.3306690738754696e-16,0.02296519784935004,0.023101432499583678
heterogeneity,dgp2,1200,10,500,5,4,JS,0.00047267126431204445,0.012296371251544957,0.0018742384336889444,0.019531617887733724,2.220446049250313e-16,0.023136861414416662,0.023126498446371137
heterogeneity,dgp2,1200,10,500,5,5,EB,0.0020983325211893955,0.041730901802389496,0.009827674549627845,0.06606099553745547,3.3306690738754696e-16,0.03530848428356208,0.035411102767226296
heterogeneity,dgp2,1200,10,500,5,5,JS,0.0006103444329927998,0.01615831455064774,0.0028585871829458114,0.02560468650714159,3.3306690738754696e-16,0.0354335445608141,0.035456211182619296
heterogeneity,dgp2,1200,10,500,5,6,EB,0.002211978193617227,0.04388814318689954,0.009343063778735486,0.06558340042406806,2.220446049250313e-16,0.03241420263749211,0.032665797652037865
heterogeneity,dgp2,1200,10,500,5,6,JS,0.0006060216021825094,0.015335160158267882,0.002559744258248529,0.022945417595459608,2.220446049250313e-16,0.032638859880335956,0.032681470040020984
heterogeneity,dgp2,1200,10,500,5,7,EB,0.0017841209618160462,0.03764777170019582,0.006902626062986859,0.06051983123800922,3.3306690738754696e-16,0.021531173932919145,0.021710553824465854
heterogeneity,dgp2,1200,10,500,5,7,JS,0.000552743978399169,0.014112819708394623,0.002138523717345651,0.02270644684087029,2.220446049250313e-16,0.02169215248218942,0.021700072384044176
heterogeneity,dgp2,1200,10,500,5,8,EB,0.0026400731449384165,0.05324214472884512,0.013162673478932865,0.07939493397958446,2.220446049250313e-16,0.033405538844514554,0.03349577574815965
heterogeneity,dgp2,1200,10,500,5,8,JS,0.0011988821014744225,0.029404040935289394,0.00597729410327106,0.04389231071971313,2.220446049250313e-16,0.03338647350489209,0.0335099766575176
heterogeneity,dgp2,1200,10,500,5,9,EB,0.0018390470234398925,0.0380138602238555,0.008513604232869516,0.06168806477743776,2.220446049250313e-16,0.033802745809578816,0.033855031504857955
heterogeneity,dgp2,1200,10,500,5,9,JS,0.0004902674131964081,0.012623214097289458,0.0022696226203175983,0.020500697606018897,2.220446049250313e-16,0.03388343234028049,0.03387209405086647
heterogeneity,dgp2,1200,10,500,5,10,EB,0.0020458233848459385,0.042816745190140025,0.009470059527153308,0.06798065160870755,2.220446049250313e-16,0.028327025517427842,0.028354057075576932
heterogeneity,dgp2,1200,10,500,5,10,JS,0.000640563174108565,0.016186936669529507,0.002965149110448356,0.02572304171283737,3.3306690738754696e-16,0.028365517536466406,0.02837994564937787
heterogeneity,dgp2,1200,10,500,5,11,EB,0.0018083855988285126,0.03815056217500414,0.006955706974627923,0.06021264768933169,3.3306690738754696e-16,0.020349060672056364,0.020457337529257078
heterogeneity,dgp2,1200,10,500,5,11,JS,0.00046791663966181,0.012177204554095038,0.0017997771250492863,0.01924046058730557,3.3306690738754696e-16,0.020459079227617905,0.020468811846300602
heterogeneity,dgp2,1200,10,500,5,12,EB,0.001798749529209423,0.03467243006406174,0.006792672350566199,0.05754554080300926,3.3306690738754696e-16,0.021800903309498316,0.0218947227192767
heterogeneity,dgp2,1200,10,500,5,12,JS,0.00041606590022174217,0.011006126764063501,0.0015712022661052867,0.018285693951400703,3.3306690738754696e-16,0.021886238096552803,0.021878348371559133
heterogeneity,dgp2,1200,10,500,5,13,EB,0.0017937622981397195,0.03668920385252241,0.00825194942677533,0.06141263456360305,2.220446049250313e-16,0.028512316185838833,0.02846311644803292
heterogeneity,dgp2,1200,10,500,5,13,JS,0.0004458567651808044,0.011386869041769228,0.0020511009076694636,0.01907871406687958,2.220446049250313e-16,0.028446598761126457,0.028449385036031033
heterogeneity,dgp2,1200,10,500,5,14,EB,0.0019017419327965125,0.041713941778626834,0.007803582192834361,0.06500663741532492,2.220446049250313e-16,0.02828295593255066,0.028332503028706046
heterogeneity,dgp2,1200,10,500,5,14,JS,0.0005937590802804645,0.015071178232624658,0.002436423000305227,0.02350521826358659,3.3306690738754696e-16,0.028353284933303923,0.02835388746679498
heterogeneity,dgp3,300,10,10,5,0,EB,0.010486134199633174,0.038971653606799495,0.033964320254518204,0.06865070028111638,2.220446049250313e-16,0.08711022029097695,0.08690548843375566
heterogeneity,dgp3,300,10,10,5,0,JS,0.007320911567454101,0.0255364826326276,0.02371224517045721,0.045213857743228364,3.3306690738754696e-16,0.08804927418946668,0.08709861726502921
heterogeneity,dgp3,300,10,10,5,1,EB,0.05582038153065471,0.19384040519740228,0.15953658739495236,0.24642296319184073,5.551115123125783e-16,0.11799260764001734,0.12380598242912147
heterogeneity,dgp3,300,10,10,5,1,JS,0.05129949815971891,0.18411512739478075,0.14661574584510373,0.23475763262990068,3.3306690738754696e-16,0.121789805599075,0.12451486160859795
heterogeneity,dgp3,300,10,10,5,2,EB,0.013649471883845046,0.04377734577534869,0.03843292414035544,0.060957993238567834,4.440892098500626e-16,0.10522942087880804,0.1072684513013634
heterogeneity,dgp3,300,10,10,5,2,JS,0.005476076322788946,0.020245187875322014,0.015419030691556488,0.028293195027996355,3.3306690738754696e-16,0.10913152240680328,0.10839921392631828
heterogeneity,dgp3,300,10,10,5,3,EB,0.009379903716733392,0.031859035391234906,0.03354563792814633,0.05427155944132315,2.7755575615628914e-16,0.08791860745394783,0.08901467822987191
heterogeneity,dgp3,300,10,10,5,3,JS,0.003939145748885824,0.013744132791839723,0.014087688000739907,0.02377522816407231,3.3306690738754696e-16,0.08853884661087198,0.08876460083988398
heterogeneity,dgp3,300,10,10,5,4,EB,0.019265323147452603,0.06893700428082308,0.0556159325763022,0.10845591816395724,4.440892098500626e-16,0.08954583397076123,0.09234951943036591
heterogeneity,dgp3,300,10,10,5,4,JS,0.016644240532171374,0.05945959947320827,0.048049282752020694,0.093519751311716,3.3306690738754696e-16,0.09149725413465001,0.09127954989613159
heterogeneity,dgp3,300,10,10,5,5,EB,0.013953432716192623,0.049527775301573256,0.03652488340910674,0.07057124663208884,3.3306690738754696e-16,0.07254665715141419,0.07403333655639344
heterogeneity,dgp3,300,10,10,5,5,JS,0.009183299312876574,0.03186423577111398,0.02403845301267704,0.04522390272829748,4.440892098500626e-16,0.0749259626255973,0.07470242600125408
heterogeneity,dgp3,300,10,10,5,6,EB,0.01667241350219767,0.051680966490222476,0.04410473440148989,0.06789227969636784,4.440892098500626e-16,0.076529457534882,0.07998422682962118
heterogeneity,dgp3,300,10,10,5,6,JS,0.006250789961643765,0.022996445674750184,0.016535664198915022,0.030695951586944943,5.551115123125783e-16,0.08019458532393937,0.08059641057486173
heterogeneity,dgp3,300,10,10,5,7,EB,0.01407726115977161,0.05119117165284755,0.036105800493896646,0.08035539847584779,3.3306690738754696e-16,0.07864267387572642,0.07825428234546877
heterogeneity,dgp3,300,10,10,5,7,JS,0.008507857284842534,0.036409841651290464,0.021821218933900457,0.05664250025152147,3.3306690738754696e-16,0.07836304953443636,0.07859504477254609
heterogeneity,dgp3,300,10,10,5,8,EB,0.017838174046982833,0.06482019984473747,0.04821175518660689,0.09957243082354708,3.3306690738754696e-16,0.08841377174548251,0.08933470954065365
heterogeneity,dgp3,300,10,10,5,8,JS,0.01358690320093305,0.048888818957166555,0.03672172102044858,0.0759908670469333,2.220446049250313e-16,0.09025841217559998,0.08969786637354278
heterogeneity,dgp3,300,10,10,5,9,EB,0.011084723043484448,0.04194379887936097,0.029034867957542915,0.06447257917772858,4.440892098500626e-16,0.08010530590974628,0.08000210397200279
heterogeneity,dgp3,300,10,10,5,9,JS,0.005621949790657959,0.020673524148973017,0.014725904219288297,0.031718182734182414,6.661338147750939e-16,0.08011900163164506,0.07999491368055255
heterogeneity,dgp3,300,10,10,5,10,EB,0.019952161953800514,0.062196816588787715,0.05274485364741682,0.08468395039180812,4.440892098500626e-16,0.08306846835866546,0.08737159735674399
heterogeneity,dgp3,300,10,10,5,10,JS,0.01049239910644072,0.03889472747995006,0.027737347790227147,0.05449198138390621,4.440892098500626e-16,0.08612840899369915,0.08747149772819279
heterogeneity,dgp3,300,10,10,5,11,EB,0.013053358706007493,0.04493983107575272,0.038089136557987714,0.0640306508333108,3.3306690738754696e-16,0.09924881121664662,0.09984439769596187
heterogeneity,dgp3,300,10,10,5,11,JS,0.005138442509405704,0.020458339200852778,0.014993753166841886,0.02909049095348249,2.220446049250313e-16,0.10049339236792623,0.10041399730731365
heterogeneity,dgp3,300,10,10,5,12,EB,0.019087452541629805,0.06626032574724496,0.055840851450910035,0.10186213072630385,4.440892098500626e-16,0.11402884034318711,0.11582103261659765
heterogeneity,dgp3,300,10,10,5,12,JS,0.014239939917574954,0.04976496328873033,0.041659323991659836,0.07609547127785578,2.220446049250313e-16,0.11717494474195254,0.11630065440708316
heterogeneity,dgp3,300,10,10,5,13,EB,0.021187294779049994,0.0743082117854501,0.0681917487404298,0.1067639177471002,3.3306690738754696e-16,0.13308578971430898,0.1385018864113049
heterogeneity,dgp3,300,10,10,5,13,JS,0.014520437022189797,0.059494745285679045,0.04673432844279326,0.0854814948897988,2.220446049250313e-16,0.13773322136678062,0.13912867756242486
heterogeneity,dgp3,300,10,10,5,14,EB,0.10497817219581157,0.4183913594869556,0.16475460959031854,0.3324673558098135,6.661338147750939e-16,0.24468711504902216,0.25512862281232784
heterogeneity,dgp3,300,10,10,5,14,JS,0.10979268690625307,0.41537182297239134,0.1723105945621857,0.32951383949753515,8.881784197001252e-16,0.2794994080819037,0.26381619931403294
heterogeneity,dgp3,300,10,100,5,0,EB,0.0062226534078847024,0.07453834898105967,0.02137702603603524,0.09953274620478826,4.440892098500626e-16,0.08091503103080028,0.08179644999901346
heterogeneity,dgp3,300,10,100,5,0,JS,0.004042760000487252,0.05410579768825278,0.013888317430367017,0.07226346852915998,4.440892098500626e-16,0.08164685339522397,0.08165324260884363
heterogeneity,dgp3,300,10,100,5,1,EB,0.00908975120498657,0.0966147029633752,0.028460942323828245,0.12615569960834971,4.440892098500626e-16,0.06385269981869755,0.06352505726040239
heterogeneity,dgp3,300,10,100,5,1,JS,0.007279933172682142,0.07965689418869656,0.02279421663767491,0.10427231819961302,3.3306690738754696e-16,0.06377504524565511,0.06298293360569947
heterogeneity,dgp3,300,10,100,5,2,EB,0.007199906000853415,0.06616437487765423,0.021806820958358595,0.09279201866708792,3.3306690738754696e-16,0.07109072240889164,0.07273966190422665
heterogeneity,dgp3,300,10,100,5,2,JS,0.004115987041355549,0.04564200917794318,0.012466356153417223,0.06402272246395835,3.3306690738754696e-16,0.07166281128484278,0.07234133585892724
heterogeneity,dgp3,300,10,100,5,3,EB,0.004082878476606167,0.04207689140582986,0.013970340303185141,0.06373416769904568,4.440892098500626e-16,0.058190981413081815,0.059071080507282187
heterogeneity,dgp3,300,10,100,5,3,JS,0.0020457063645011506,0.02324819177765329,0.006999770930294461,0.03531408203012649,3.3306690738754696e-16,0.05844388908272411,0.05878335989296007
heterogeneity,dgp3,300,10,100,5,4,EB,0.0045263779457426,0.05104208395164243,0.017821053018856614,0.07117077355411908,5.551115123125783e-16,0.08065614144306034,0.08104480717838536
heterogeneity,dgp3,300,10,100,5,4,JS,0.0025488982104377176,0.030494078956738814,0.010035408154682278,0.04248453017860611,3.3306690738754696e-16,0.08035160705011535,0.08061202523097769
heterogeneity,dgp3,300,10,100,5,5,EB,0.004784320826128839,0.05479927742014885,0.013611017549513103,0.07244153095029146,4.440892098500626e-16,0.05878556841174164,0.05931328146018708
heterogeneity,dgp3,300,10,100,5,5,JS,0.002711461567903055,0.032265977115294935,0.0077138955197159145,0.04256788909462594,3.3306690738754696e-16,0.05903420916520557,0.05923776500851868
heterogeneity,dgp3,300,10,100,5,6,EB,0.00780528627607145,0.08431139815948703,0.03349388433967342,0.11771433754532047,2.220446049250313e-16,0.09895024187021681,0.10068644185109403
heterogeneity,dgp3,300,10,100,5,6,JS,0.004998000236684337,0.0656069466396607,0.02144731607991993,0.0916488477198096,2.220446049250313e-16,0.09913343656913225,0.0999206484653113
heterogeneity,dgp3,300,10,100,5,7,EB,0.0061448526886084785,0.06485904759045655,0.017060800866778515,0.07984138533237185,5.551115123125783e-16,0.06763767360026682,0.0683372971228355
heterogeneity,dgp3,300,10,100,5,7,JS,0.0032058890751489894,0.03910619491358516,0.00890095139522108,0.048214512002348074,4.440892098500626e-16,0.06854034173510687,0.06838464575296373
heterogeneity,dgp3,300,10,100,5,8,EB,0.006618954697971818,0.0741736999224423,0.020288300016229856,0.09923434342765824,3.3306690738754696e-16,0.05663805540830784,0.05769838097548586
heterogeneity,dgp3,300,10,100,5,8,JS,0.004716582767036399,0.05394651411326854,0.014457184041210592,0.07228955962244402,2.7755575615628914e-16,0.05632313688051954,0.057033459524950814
heterogeneity,dgp3,300,10,100,5,9,EB,0.01527761349499591,0.13517443719043357,0.042003717519524586,0.15906015405400362,6.661338147750939e-16,0.08803600291872031,0.09397444865176294
heterogeneity,dgp3,300,10,100,5,9,JS,0.011858448223659293,0.11859028888608916,0.03260318829047759,0.1401597942160189,4.440892098500626e-16,0.09366369291266272,0.09580043865879526
heterogeneity,dgp3,300,10,100,5,10,EB,0.0054850982420418855,0.058100199561336,0.017185299724948182,0.07888278696222648,4.440892098500626e-16,0.06508419953630543,0.066002102110283
heterogeneity,dgp3,300,10,100,5,10,JS,0.0031773907126922724,0.03509884054415626,0.009955047171690466,0.04776270529857615,4.440892098500626e-16,0.06522636502378858,0.06558873420867692
heterogeneity,dgp3,300,10,100,5,11,EB,0.006656546023223322,0.07236277081202505,0.021503531342762942,0.09049132487960795,3.3306690738754696e-16,0.0788507292668082,0.08016343515889271
heterogeneity,dgp3,300,10,100,5,11,JS,0.003902100517021972,0.04803351741263418,0.01260547744696009,0.06013122405316928,3.3306690738754696e-16,0.07939826158070326,0.07976363921713145
heterogeneity,dgp3,300,10,100,5,12,EB,0.0037183496988708402,0.04008553007629197,0.01016278931305635,0.06145247254178888,4.440892098500626e-16,0.04092068256106353,0.041207907012282656
heterogeneity,dgp3,300,10,100,5,12,JS,0.0021788522925503396,0.022373462736690487,0.005955119498357888,0.03432030186357736,3.3306690738754696e-16,0.04076608982197909,0.04088241674195752
heterogeneity,dgp3,300,10,100,5,13,EB,0.007037071365840705,0.07439553973969794,0.023527063466452756,0.09295212790921802,3.3306690738754696e-16,0.09249672991900028,0.09256414628104957
heterogeneity,dgp3,300,10,100,5,13,JS,0.004231861804633343,0.05044056916318658,0.01414839726397621,0.06307663468884052,3.3306690738754696e-16,0.09202380843213868,0.09216729915870375
heterogeneity,dgp3,300,10,100,5,14,EB,0.013904786469662185,0.14171826610136604,0.043199626299722,0.18300176278844002,4.440892098500626e-16,0.06309958724637783,0.06557950411758398
heterogeneity,dgp3,300,10,100,5,14,JS,0.011106193467978918,0.12863008979276827,0.034504910123999845,0.16636336262852608,5.551115123125783e-16,0.06266307946618437,0.06500198291165939
heterogeneity,dgp3,300,10,500,5,0,EB,0.0018758375060459256,0.04303862505588386,0.006522957915133728,0.06493188776300493,3.3306690738754696e-16,0.07009075782438219,0.0703183716328312
heterogeneity,dgp3,300,10,500,5,0,JS,0.0010775761555531433,0.022742026987299137,0.0037471176956265957,0.03435951829399558,3.3306690738754696e-16,0.06987125197189854,0.07002319725865659
heterogeneity,dgp3,300,10,500,5,1,EB,0.0036043335072804654,0.06509046401170462,0.012388277068115489,0.09268115430553353,2.220446049250313e-16,0.05647086487662261,0.05732238783892642
heterogeneity,dgp3,300,10,500,5,1,JS,0.002351317243091312,0.04630441831462835,0.00808159661796414,0.06602883261074254,2.220446049250313e-16,0.056418870627994555,0.056903606172798986
heterogeneity,dgp3,300,10,500,5,2,EB,0.005715899654300667,0.08256513059799873,0.015613330419599815,0.10132808624716957,4.440892098500626e-16,0.05948547879963097,0.059881185675085886
heterogeneity,dgp3,300,10,500,5,2,JS,0.0038526815166788574,0.060193081886475104,0.010523835819289172,0.07388713755449454,2.220446049250313e-16,0.05958100931805664,0.05954627192488066
heterogeneity,dgp3,300,10,500,5,3,EB,0.007021086702906864,0.12601111238000154,0.01929573686357861,0.1270227415075971,3.3306690738754696e-16,0.06247964009030628,0.06425865602349405
heterogeneity,dgp3,300,10,500,5,3,JS,0.004384760812955979,0.10152534471814832,0.012050440969700687,0.10236568871657808,2.220446049250313e-16,0.06246041652366123,0.06361910519371852
heterogeneity,dgp3,300,10,500,5,4,EB,0.002758895461791539,0.057036282935254604,0.00894489959810177,0.08158919761520052,3.3306690738754696e-16,0.0727531132573209,0.07349633149645873
heterogeneity,dgp3,300,10,500,5,4,JS,0.0015927789575410727,0.036045621680492586,0.005164112977271849,0.05154034779963078,3.3306690738754696e-16,0.07270190523829026,0.07302040487784206
heterogeneity,dgp3,300,10,500,5,5,EB,0.002467723976766307,0.05218166604728284,0.007276113937361338,0.06987512628877493,2.220446049250313e-16,0.05629164513724698,0.05662941361191458
heterogeneity,dgp3,300,10,500,5,5,JS,0.0012944484774220614,0.028396689995259097,0.0038166969630488616,0.038038961773469396,2.220446049250313e-16,0.05609311023189343,0.05620157577141586
heterogeneity,dgp3,300,10,500,5,6,EB,0.004459342307779143,0.07736033057721893,0.012847254288969845,0.0989554803445603,3.3306690738754696e-16,0.0726709523719536,0.07385511237774543
heterogeneity,dgp3,300,10,500,5,6,JS,0.0024640339606523654,0.05472781492424095,0.0070988205623810745,0.0699995935711705,2.220446049250313e-16,0.07292628150535314,0.07344289160927012
heterogeneity,dgp3,300,10,500,5,7,EB,0.003920006733028443,0.0646382367332731,0.01296091029801231,0.08541034259560723,2.220446049250313e-16,0.06939779947083133,0.07034596005471318
heterogeneity,dgp3,300,10,500,5,7,JS,0.002128705695779831,0.040781359316593845,0.007038243924789219,0.05390819280706059,4.440892098500626e-16,0.06970153792608125,0.07008673397641171
heterogeneity,dgp3,300,10,500,5,8,EB,0.002479517129717173,0.049327176912011925,0.008982907274234852,0.07357005177061404,3.3306690738754696e-16,0.06396177036738472,0.06444653284605407
heterogeneity,dgp3,300,10,500,5,8,JS,0.0015614530513352444,0.030230933503965336,0.005656903033702977,0.0451215905841624,2.220446049250313e-16,0.06373323065942826,0.0640346453158046
heterogeneity,dgp3,300,10,500,5,9,EB,0.004769762295625177,0.09463692424544844,0.014336458426642986,0.1134213937870172,3.3306690738754696e-16,0.07363012930701666,0.07434598867139164
heterogeneity,dgp3,300,10,500,5,9,JS,0.003439089707198395,0.07355424902402012,0.010336860320684644,0.08812663026459798,3.3306690738754696e-16,0.0736106325480612,0.07401459767565109
heterogeneity,dgp3,300,10,500,5,10,EB,0.0036719866026318597,0.07424433399216193,0.01234975952557289,0.09453734909348172,2.220446049250313e-16,0.07426395830452327,0.0755324529649949
heterogeneity,dgp3,300,10,500,5,10,JS,0.0022249094135341958,0.05289912766917067,0.007482896643369231,0.06740119880518922,3.3306690738754696e-16,0.0746353552600685,0.07516129099270319
heterogeneity,dgp3,300,10,500,5,11,EB,0.0023389385244348393,0.04875033226663726,0.008737221777476918,0.06686849844059957,3.3306690738754696e-16,0.06847624198331875,0.06871522018933578
heterogeneity,dgp3,300,10,500,5,11,JS,0.0014930484956213875,0.027430236459959588,0.005577357290279548,0.03764335128124982,3.3306690738754696e-16,0.06843439200229826,0.06843111166503754
heterogeneity,dgp3,300,10,500,5,12,EB,0.002615827540338696,0.048527671233839664,0.007425395389181067,0.06652167221036431,3.3306690738754696e-16,0.04208418742559391,0.042442597806243085
heterogeneity,dgp3,300,10,500,5,12,JS,0.001885161131248577,0.027172122116163065,0.005351295739482919,0.037268573839540325,2.220446049250313e-16,0.04201256977143106,0.04215278423578568
heterogeneity,dgp3,300,10,500,5,13,EB,0.005249933471288909,0.07862585182552446,0.014941272566740514,0.12504080313888055,3.3306690738754696e-16,0.054703487473444695,0.05581316379063485
heterogeneity,dgp3,300,10,500,5,13,JS,0.004237626427273901,0.06602036278482093,0.01206025406458676,0.10512059646525466,2.220446049250313e-16,0.05423356538147688,0.05520606579398977
heterogeneity,dgp3,300,10,500,5,14,EB,0.002174831483210341,0.04256238736301809,0.00703851275063309,0.06490138144521808,2.220446049250313e-16,0.05606476716433138,0.056054723415484176
heterogeneity,dgp3,300,10,500,5,14,JS,0.0009104287965660674,0.022358273893325682,0.0029464649296480883,0.034131722304750436,2.220446049250313e-16,0.0554469971428948,0.055556657701647215
heterogeneity,dgp3,1200,10,10,5,0,EB,0.01021043076641606,0.034468599809529814,0.028849402249937667,0.056662207416130414,3.3306690738754696e-16,0.06441095090954545,0.0643317740096634
heterogeneity,dgp3,1200,10,10,5,0,JS,0.00264852424446957,0.009748375976237893,0.007483361186751848,0.016064065489167036,2.220446049250313e-16,0.06414128620114741,0.06426223875814195
heterogeneity,dgp3,1200,10,10,5,1,EB,0.04667592909748936,0.15112343053437186,0.11974831664283919,0.23502805838076246,5.134781488891349e-16,0.07349322521030276,0.0776481395001803
heterogeneity,dgp3,1200,10,10,5,1,JS,0.04526375486952407,0.1494251300418109,0.11612534673361587,0.23328800376274283,4.440892098500626e-16,0.07487573839200982,0.07801592058331687
heterogeneity,dgp3,1200,10,10,5,2,EB,0.014549449803934451,0.052097755987186134,0.03637082649901163,0.07503625901596965,4.440892098500626e-16,0.07146263984891854,0.07325837785093185
heterogeneity,dgp3,1200,10,10,5,2,JS,0.007532782978235577,0.028646817294322256,0.018830508812919276,0.04160293115165223,6.661338147750939e-16,0.07367752514228823,0.07377397248897206
heterogeneity,dgp3,1200,10,10,5,3,EB,0.023020286256813623,0.08427737449772262,0.05768548412312506,0.11862705513196181,4.440892098500626e-16,0.0836774868193627,0.08778959083281322
heterogeneity,dgp3,1200,10,10,5,3,JS,0.018488873148521146,0.07040398034015198,0.04633042293936774,0.09877823571560572,4.440892098500626e-16,0.08655510343682632,0.08823782745332252
heterogeneity,dgp3,1200,10,10,5,4,EB,0.012709905890741858,0.04395999557479716,0.03601264389090906,0.06930933450029718,3.3306690738754696e-16,0.07830068639403974,0.08016969719425106
heterogeneity,dgp3,1200,10,10,5,4,JS,0.006146913344117994,0.023000399875773157,0.017416856048575936,0.03635580033876235,3.3306690738754696e-16,0.0801554508820235,0.08029652716925731
heterogeneity,dgp3,1200,10,10,5,5,EB,0.009052511099831878,0.03291770279224586,0.02221037108689367,0.05311809441070402,4.440892098500626e-16,0.06684469550159282,0.0677970434460449
heterogeneity,dgp3,1200,10,10,5,5,JS,0.002731779927672995,0.009973495144974412,0.006702432645729823,0.016140118466027784,4.440892098500626e-16,0.06786336330757055,0.0680613434089891
heterogeneity,dgp3,1200,10,10,5,6,EB,0.04619508739435563,0.1638782725152732,0.11776194827116189,0.24450483341424953,8.881784197001252e-16,0.09168744089358331,0.0881628913198929
heterogeneity,dgp3,1200,10,10,5,6,JS,0.046247584116803166,0.16088311155464652,0.11789577454278462,0.23959344594435897,4.440892098500626e-16,0.10096834466822165,0.08872391746121122
heterogeneity,dgp3,1200,10,10,5,7,EB,0.009776542077703745,0.03477059462513732,0.02507268858167162,0.05502385878753682,5.551115123125783e-16,0.055991847275508905,0.057259401458993275
heterogeneity,dgp3,1200,10,10,5,7,JS,0.003317148270816265,0.011864669661581931,0.00850707999949008,0.018789741862792773,4.440892098500626e-16,0.0573519415806829,0.05723540158220235
heterogeneity,dgp3,1200,10,10,5,8,EB,0.009990991143124628,0.034512747610281634,0.024939382198281915,0.05256065441576267,6.661338147750939e-16,0.05906668959544862,0.0599169221799113
heterogeneity,dgp3,1200,10,10,5,8,JS,0.003915765055754608,0.014543862727164453,0.009774481823191692,0.022317364311683855,4.440892098500626e-16,0.06040328283476259,0.0602913388299508
heterogeneity,dgp3,1200,10,10,5,9,EB,0.012269092382293326,0.040525760750418506,0.033525257858463775,0.060640584173336835,3.3306690738754696e-16,0.0784323970363365,0.08001850706752049
heterogeneity,dgp3,1200,10,10,5,9,JS,0.004669189569382729,0.017338502504146657,0.012758546388444907,0.026163370814412844,4.440892098500626e-16,0.07970085547810336,0.07988115984415783
heterogeneity,dgp3,1200,10,10,5,10,EB,0.013128136337507295,0.048195352689498754,0.032997971836996556,0.07110677327925788,4.440892098500626e-16,0.08012449114881427,0.08207007348505957
heterogeneity,dgp3,1200,10,10,5,10,JS,0.006493421327987882,0.023548107046582764,0.01632141292549841,0.035236430977975984,6.661338147750939e-16,0.08277323279581712,0.08235256309358917
heterogeneity,dgp3,1200,10,10,5,11,EB,0.01259481106433169,0.04649082204779903,0.03487604748069149,0.06892719373462838,4.440892098500626e-16,0.08979658236618368,0.09048083670632624
heterogeneity,dgp3,1200,10,10,5,11,JS,0.005793685770128792,0.021280598867417715,0.01604318309938381,0.03155194261998227,2.220446049250313e-16,0.0904596261858575,0.09041618075641057
heterogeneity,dgp3,1200,10,10,5,12,EB,0.013872536653370638,0.048354230817262395,0.03363235370695866,0.07042494065242559,4.440892098500626e-16,0.058521172522468204,0.060587455166008525
heterogeneity,dgp3,1200,10,10,5,12,JS,0.008354941308044865,0.028934829597841306,0.020255584706259943,0.04214437402891697,4.440892098500626e-16,0.06039458782794577,0.060994580900226275
heterogeneity,dgp3,1200,10,10,5,13,EB,0.013261989658414033,0.04331203808403851,0.034552250423818216,0.06492084415570426,4.440892098500626e-16,0.07176804465488414,0.07444010196154903
heterogeneity,dgp3,1200,10,10,5,13,JS,0.004941758482728213,0.019268881339443177,0.012875057289832978,0.02909742614552194,4.440892098500626e-16,0.07432178446608019,0.07418362374918148
heterogeneity,dgp3,1200,10,10,5,14,EB,0.011788558903060693,0.043975806649151364,0.027763586353092833,0.06774181277112125,4.440892098500626e-16,0.07414138513788444,0.07433350671073656
heterogeneity,dgp3,1200,10,10,5,14,JS,0.006733840235821948,0.0245607577414428,0.01585906779722108,0.03786145855611538,4.440892098500626e-16,0.07512074784954757,0.07446721280965947
heterogeneity,dgp3,1200,10,100,5,0,EB,0.005103159416005239,0.054865103404541996,0.014833565161381037,0.07581845880419985,4.440892098500626e-16,0.039638088892549404,0.04005528852175965
heterogeneity,dgp3,1200,10,100,5,0,JS,0.0025506660516773755,0.03093932038334864,0.007414126817950065,0.042798130632369806,6.661338147750939e-16,0.039933553349666494,0.039997168775448844
heterogeneity,dgp3,1200,10,100,5,1,EB,0.003901040624438597,0.0421076479366764,0.010133615928284828,0.060282089048106204,4.440892098500626e-16,0.031935611460254705,0.03217257287223022
heterogeneity,dgp3,1200,10,100,5,1,JS,0.001196592183925959,0.015338374055648828,0.003108351535415826,0.02201436354745269,4.440892098500626e-16,0.032257326079037044,0.03223551474931068
heterogeneity,dgp3,1200,10,100,5,2,EB,0.006327381580570878,0.06727810437703366,0.017622948333536267,0.08936228266784325,3.3306690738754696e-16,0.06272881299500727,0.06386920584890664
heterogeneity,dgp3,1200,10,100,5,2,JS,0.003533398370837445,0.04265850934452038,0.009841179346963203,0.05671394020510766,3.3306690738754696e-16,0.06365131505956909,0.06397908740535893
heterogeneity,dgp3,1200,10,100,5,3,EB,0.005496725240301577,0.05841255764626891,0.01592673628676504,0.07775355737212468,3.3306690738754696e-16,0.052104127961372544,0.05260528860974578
heterogeneity,dgp3,1200,10,100,5,3,JS,0.0026597098905059226,0.03103902017290593,0.007706497264008133,0.041366293346776176,4.440892098500626e-16,0.05243610633182553,0.052628245331874
heterogeneity,dgp3,1200,10,100,5,4,EB,0.00470360341220217,0.053914492702685675,0.0125491475273064,0.07452969607049165,4.440892098500626e-16,0.03371409888584959,0.034045381388523976
heterogeneity,dgp3,1200,10,100,5,4,JS,0.002443981964592649,0.02912107910164931,0.006520509392476609,0.04027918461478305,4.440892098500626e-16,0.034090507044345145,0.03406217217253025
heterogeneity,dgp3,1200,10,100,5,5,EB,0.005361057419880026,0.05768600221876286,0.015332129365339005,0.07935800836905543,4.440892098500626e-16,0.05811982051750296,0.058757480116877155
heterogeneity,dgp3,1200,10,100,5,5,JS,0.0025095008794309005,0.02918802222144911,0.007176940874236638,0.04013089989223173,3.3306690738754696e-16,0.05897495895656432,0.05898644155015534
heterogeneity,dgp3,1200,10,100,5,6,EB,0.004858247400579865,0.05130981547135188,0.013389230872231737,0.07313576480811455,3.3306690738754696e-16,0.044871850000160036,0.045275983873596146
heterogeneity,dgp3,1200,10,100,5,6,JS,0.0020988299815178947,0.024718898939889915,0.00578433267534931,0.03527299276948854,3.3306690738754696e-16,0.045251489198747503,0.045413578773043986
heterogeneity,dgp3,1200,10,100,5,7,EB,0.0042071636545725115,0.04799026447413427,0.013829073153958465,0.06883829833536939,3.3306690738754696e-16,0.052679145746075816,0.05287323205613298
heterogeneity,dgp3,1200,10,100,5,7,JS,0.0014382566460546097,0.018247993596465385,0.004727592745492364,0.02620602481614162,2.7755575615628914e-16,0.052666810375878725,0.05283038648458778
heterogeneity,dgp3,1200,10,100,5,8,EB,0.006476903253200982,0.07249471538831534,0.018127737932748026,0.09902633592601735,3.3306690738754696e-16,0.043446962566494676,0.044180916569697644
heterogeneity,dgp3,1200,10,100,5,8,JS,0.004458271482429129,0.05147244273834593,0.012477934887568013,0.07034034706906246,3.3306690738754696e-16,0.044024711662480565,0.044391057914065425
heterogeneity,dgp3,1200,10,100,5,9,EB,0.005834349398297701,0.06480353885418916,0.016487447386340313,0.0889256926565074,4.440892098500626e-16,0.049575423290860926,0.05038984859325514
heterogeneity,dgp3,1200,10,100,5,9,JS,0.0035397837661279973,0.04327861237428451,0.010003171668135833,0.05953775373632617,3.3306690738754696e-16,0.050231936328020296,0.050594202177039874
heterogeneity,dgp3,1200,10,100,5,10,EB,0.004110538775454545,0.04668830625289387,0.011521091153143407,0.06639038539139033,4.440892098500626e-16,0.03556523781341319,0.035904962973256654
heterogeneity,dgp3,1200,10,100,5,10,JS,0.0016023876387738789,0.0195568402289678,0.004491200559698561,0.027833456377123977,3.3306690738754696e-16,0.03585891960420717,0.03590672686047793
heterogeneity,dgp3,1200,10,100,5,11,EB,0.005916676755862236,0.06226930072741975,0.01705488421738907,0.08331698391063981,4.440892098500626e-16,0.052145254716232374,0.05297273258922931
heterogeneity,dgp3,1200,10,100,5,11,JS,0.0029954679205942015,0.03595594783233767,0.008634468413712144,0.048202635179600425,3.3306690738754696e-16,0.05291381032198228,0.05302466948525911
heterogeneity,dgp3,1200,10,100,5,12,EB,0.005700800070221303,0.06284735895993684,0.016965389547656345,0.0855275686599954,3.3306690738754696e-16,0.05482927696162066,0.055733921025882725
heterogeneity,dgp3,1200,10,100,5,12,JS,0.0032286147472716203,0.03873497213622298,0.009608249054881298,0.05281709207876669,3.3306690738754696e-16,0.055427905105784644,0.05582898607928017
heterogeneity,dgp3,1200,10,100,5,13,EB,0.005377337181786759,0.05959891799951164,0.017186292996359705,0.08128355977182294,3.3306690738754696e-16,0.05071458059950511,0.05111005200629803
heterogeneity,dgp3,1200,10,100,5,13,JS,0.0025788241531285896,0.03044266634422622,0.00824207706964556,0.04152757784078908,4.440892098500626e-16,0.05108421002133063,0.05118148011813423
heterogeneity,dgp3,1200,10,100,5,14,EB,0.005067690388286452,0.053503712212300825,0.01335387009570086,0.07393119722753207,3.3306690738754696e-16,0.04074638132814478,0.04137831851888456
heterogeneity,dgp3,1200,10,100,5,14,JS,0.0022240575030754196,0.026846512697693625,0.005860613554862497,0.03709731800890614,4.440892098500626e-16,0.04130599407542273,0.04143868009776938
heterogeneity,dgp3,1200,10,500,5,0,EB,0.0023394997655639726,0.047133918404606644,0.006169869561764258,0.06794094876995306,2.220446049250313e-16,0.03513036517975427,0.035486279722931884
heterogeneity,dgp3,1200,10,500,5,0,JS,0.0008850350149576285,0.022282120279831903,0.00233406759866304,0.03216845254419541,2.220446049250313e-16,0.035432579220961886,0.03548845153084073
heterogeneity,dgp3,1200,10,500,5,1,EB,0.0023469214921182954,0.04517773740040221,0.007039561767641246,0.06607593324932558,3.3306690738754696e-16,0.04195487722280224,0.042110461283135794
heterogeneity,dgp3,1200,10,500,5,1,JS,0.0007262123554893346,0.01822542386384295,0.0021782649100363406,0.026720125458205356,2.220446049250313e-16,0.04200451325061519,0.042043168039753324
heterogeneity,dgp3,1200,10,500,5,2,EB,0.002336866343275661,0.046648893274116206,0.006034356809159286,0.06618811011049273,3.3306690738754696e-16,0.03433137611503211,0.03478063132219371
heterogeneity,dgp3,1200,10,500,5,2,JS,0.0007984112110993295,0.01971880393277065,0.0020616917788515658,0.028004352164382254,2.220446049250313e-16,0.034673283824776226,0.034780013184637165
heterogeneity,dgp3,1200,10,500,5,3,EB,0.0034318771317125955,0.06817085962178658,0.01043402868786037,0.09218604359390035,3.3306690738754696e-16,0.04724724238771858,0.047588718407330956
heterogeneity,dgp3,1200,10,500,5,3,JS,0.002021174460385771,0.04686467441048834,0.006145031273981504,0.06345142591993658,3.3306690738754696e-16,0.04752090863542287,0.04761968327283971
heterogeneity,dgp3,1200,10,500,5,4,EB,0.002612807532888489,0.050954954688748756,0.007784417177864683,0.07305749298258334,2.220446049250313e-16,0.042789000088770394,0.0431323773084784
heterogeneity,dgp3,1200,10,500,5,4,JS,0.0010736011015884475,0.026455699418120846,0.0031986125086452123,0.037948985869213574,3.3306690738754696e-16,0.04297736579594512,0.04306640439968409
heterogeneity,dgp3,1200,10,500,5,5,EB,0.002894994197905568,0.06017212525955541,0.007501076410809908,0.08134246561049324,2.7755575615628914e-16,0.032573099267486354,0.03283789891203788
heterogeneity,dgp3,1200,10,500,5,5,JS,0.0015031099171933535,0.035699180733424506,0.003894633830655186,0.04830892874369958,3.3306690738754696e-16,0.032810634118307175,0.032863607888966306
heterogeneity,dgp3,1200,10,500,5,6,EB,0.002352478916943946,0.04828713851680984,0.006597437925912274,0.0656261369938933,2.220446049250313e-16,0.035821032890836574,0.03604703868287473
heterogeneity,dgp3,1200,10,500,5,6,JS,0.0006933408229818676,0.01838952930973523,0.0019444480493224314,0.025045515163061475,2.220446049250313e-16,0.03593164131370494,0.035953440714641474
heterogeneity,dgp3,1200,10,500,5,7,EB,0.004484834175270033,0.0882409725674729,0.012769592277716551,0.11090637112980754,2.220446049250313e-16,0.06609075436571413,0.06753186057701303
heterogeneity,dgp3,1200,10,500,5,7,JS,0.0027963087459606027,0.06581459870058361,0.007961882462773509,0.08279757966154938,2.220446049250313e-16,0.0671029247334751,0.06780782936065322
heterogeneity,dgp3,1200,10,500,5,8,EB,0.0020905588953826805,0.04185256085353153,0.00588894439195504,0.06200148759494027,2.220446049250313e-16,0.0399054099574152,0.040159726746906
heterogeneity,dgp3,1200,10,500,5,8,JS,0.0006008639713196844,0.01504917826268478,0.0016925878156535594,0.022336204819244372,3.3306690738754696e-16,0.04006135175000605,0.04007463602670394
heterogeneity,dgp3,1200,10,500,5,9,EB,0.002153118012568557,0.041499797443993375,0.006512348134968192,0.06021438145909875,2.220446049250313e-16,0.04161105421049036,0.0419419600685083
heterogeneity,dgp3,1200,10,500,5,9,JS,0.0005926293825076635,0.014328417984971017,0.0017924743703653572,0.020825686408282067,3.3306690738754696e-16,0.04177976793183017,0.04187557204591136
heterogeneity,dgp3,1200,10,500,5,10,EB,0.00577458751469647,0.11908345888710678,0.016474825228277527,0.14528169705590926,2.220446049250313e-16,0.07119974564426418,0.0729232617656252
heterogeneity,dgp3,1200,10,500,5,10,JS,0.004618455346244655,0.10299731938872596,0.013176394757259836,0.12555450429312615,3.3306690738754696e-16,0.07247671551032436,0.07345121997741487
heterogeneity,dgp3,1200,10,500,5,11,EB,0.0029528813819481065,0.06206272297939239,0.009417263232400646,0.08124161674595956,2.220446049250313e-16,0.05552169137491953,0.056171788725245565
heterogeneity,dgp3,1200,10,500,5,11,JS,0.0013576203884633528,0.032706632601666695,0.004329692566045004,0.04283304679646862,2.220446049250313e-16,0.055973635066118174,0.05625791952393573
heterogeneity,dgp3,1200,10,500,5,12,EB,0.0020397460618278725,0.04198050483930224,0.006786544926781885,0.06441187433511021,2.220446049250313e-16,0.05771905718764501,0.05779545567627355
heterogeneity,dgp3,1200,10,500,5,12,JS,0.0006440031416976687,0.01653101975335057,0.002142696258083878,0.025406640005443116,1.6653345369377348e-16,0.057693539921413114,0.057761794402142484
heterogeneity,dgp3,1200,10,500,5,13,EB,0.004015442739347436,0.08755416036796526,0.011516979016992184,0.11612247001239226,2.220446049250313e-16,0.04249056001392172,0.04289638879318421
heterogeneity,dgp3,1200,10,500,5,13,JS,0.0029643871174838405,0.07057593153119114,0.00850237108246043,0.093651570627284,2.220446049250313e-16,0.042679361593698145,0.042995423000681855
heterogeneity,dgp3,1200,10,500,5,14,EB,0.00283802555445562,0.05935357552687398,0.008491278906320314,0.08286129697860072,2.220446049250313e-16,0.042288531838465045,0.04274282085962991
heterogeneity,dgp3,1200,10,500,5,14,JS,0.0016526562857883263,0.03765224162582104,0.004944693128953832,0.052593813571608236,2.220446049250313e-16,0.042550822856007926,0.04278753912533817
