dgp,min_leaf,B,gain_js,gain_eb,se,win,p,reps,p_holm
dgp1,2,1,-36.593377146505105,-37.695230834117,1.8159873634250374,100.0,9.313225746154785e-10,30,2.514570951461792e-08
dgp1,2,3,-34.09510552253134,-34.826437135364635,1.4097780804929638,100.0,9.313225746154785e-10,30,2.514570951461792e-08
dgp1,2,5,-31.207509893797578,-32.116567963163206,0.9426256783957129,100.0,9.313225746154785e-10,30,2.514570951461792e-08
dgp1,2,10,-26.452841409057733,-27.296637893044334,0.6951116250274743,100.0,9.313225746154785e-10,30,2.514570951461792e-08
dgp1,2,25,-19.312497275703137,-20.08194860172356,0.6995741252027202,100.0,9.313225746154785e-10,30,2.514570951461792e-08
dgp1,2,50,-15.171719159820967,-16.10044916957604,0.9293582787258612,100.0,9.313225746154785e-10,30,2.514570951461792e-08
dgp1,2,100,-12.259626379945699,-12.659886758541283,0.8516084788110968,100.0,9.313225746154785e-10,30,2.514570951461792e-08
dgp1,2,250,-9.833029046667036,-10.44150199743351,1.1499071357059982,96.66666666666667,1.862645149230957e-09,30,2.514570951461792e-08
dgp1,2,500,-9.247216418091215,-9.650816525910521,1.343526293603741,96.66666666666667,2.7939677238464355e-09,30,2.514570951461792e-08
dgp1,5,1,-33.01890532541718,-37.247127478254605,1.6885462317780136,100.0,9.313225746154785e-10,30,2.514570951461792e-08
dgp1,5,3,-29.595674441303117,-32.27105670825506,0.4946193712290678,100.0,9.313225746154785e-10,30,2.514570951461792e-08
dgp1,5,5,-27.168554127275574,-29.072190092692786,0.6780359004701345,100.0,9.313225746154785e-10,30,2.514570951461792e-08
dgp1,5,10,-21.522902634817044,-23.47366499315043,1.1756057371172688,100.0,9.313225746154785e-10,30,2.514570951461792e-08
dgp1,5,25,-13.967452939695562,-15.221713145329264,1.1603405618704432,100.0,9.313225746154785e-10,30,2.514570951461792e-08
dgp1,5,50,-10.561771806884229,-11.569615921948545,1.175333148906783,100.0,9.313225746154785e-10,30,2.514570951461792e-08
dgp1,5,100,-8.4265995649891,-9.17030778313434,1.0294717323383586,86.66666666666667,1.9278377294540405e-07,30,2.1206215023994446e-06
dgp1,5,250,-5.719597325632492,-5.920013408477203,1.4582480643322662,76.66666666666667,1.952052116394043e-05,30,0.00017568469047546387
dgp1,5,500,-5.297851590569586,-5.520769357438709,1.826551179266984,76.66666666666667,0.00020919833332300186,30,0.001464388333261013
dgp1,20,1,-24.99341690201345,-28.63836395351798,0.7151623975644591,100.0,9.313225746154785e-10,30,2.514570951461792e-08
dgp1,20,3,-17.035202696624786,-19.170774129518342,0.7875981766275452,100.0,9.313225746154785e-10,30,2.514570951461792e-08
dgp1,20,5,-13.123941030447167,-14.493378747392743,0.8395398969056537,100.0,9.313225746154785e-10,30,2.514570951461792e-08
dgp1,20,10,-8.51047294642554,-9.327675675633344,0.9392007885665697,96.66666666666667,6.51925802230835e-09,30,1.2386590242385864e-07
dgp1,20,25,-2.0983893790251065,-2.0014421990264877,1.0167579399829938,66.66666666666666,0.02132585272192955,30,0.3412136435508728
dgp1,20,50,1.057017402605409,2.053890334413644,1.0170360717869538,43.333333333333336,0.7219433626160026,30,1.0
dgp1,20,100,2.7914266962980827,3.571383733999267,1.6637917691841873,36.666666666666664,0.9298584796488285,30,1.0
dgp1,20,250,3.3017979817720033,4.372866036859935,1.6243063571704563,33.33333333333333,0.9845075951889157,30,1.0
dgp1,20,500,4.187714035218171,5.403863422916865,1.5042621674338204,33.33333333333333,0.9895750740543008,30,1.0
dgp2,2,1,-41.011042851310776,-44.772496898843286,2.510566982989371,100.0,9.313225746154785e-10,30,2.514570951461792e-08
dgp2,2,3,-37.188964450637,-38.58475368502199,1.3906266228710995,100.0,9.313225746154785e-10,30,2.514570951461792e-08
dgp2,2,5,-34.1549362171167,-35.45346179972553,1.4158116410553154,100.0,9.313225746154785e-10,30,2.514570951461792e-08
dgp2,2,10,-29.243467761735225,-30.346194214741516,1.656023244786554,100.0,9.313225746154785e-10,30,2.514570951461792e-08
dgp2,2,25,-20.387478880672155,-21.36561542221454,1.730067911363638,100.0,9.313225746154785e-10,30,2.514570951461792e-08
dgp2,2,50,-14.202965362821113,-14.828625999455042,1.6428387094441135,100.0,9.313225746154785e-10,30,2.514570951461792e-08
dgp2,2,100,-11.203244753858943,-11.649079980080767,1.203733890164782,96.66666666666667,4.6566128730773926e-09,30,3.259629011154175e-08
dgp2,2,250,-8.997870212695657,-9.45422696067882,1.3522850766908727,90.0,6.51925802230835e-08,30,3.91155481338501e-07
dgp2,2,500,-8.120293953044843,-8.503250332828106,1.2948844188927573,90.0,2.859160304069519e-07,30,1.4295801520347595e-06
dgp2,5,1,-34.283130163810405,-35.994519063742345,1.4031369936207252,100.0,9.313225746154785e-10,30,2.514570951461792e-08
dgp2,5,3,-30.745093381929124,-32.511494628847686,0.9868690523785129,100.0,9.313225746154785e-10,30,2.514570951461792e-08
dgp2,5,5,-27.35718958779882,-28.775271104129285,0.5014645065488886,100.0,9.313225746154785e-10,30,2.514570951461792e-08
dgp2,5,10,-21.1225705242458,-22.789116737068667,0.8243161285752489,100.0,9.313225746154785e-10,30,2.514570951461792e-08
dgp2,5,25,-13.422517952910379,-14.471180615722195,0.9788994258748415,100.0,9.313225746154785e-10,30,2.514570951461792e-08
dgp2,5,50,-9.154718233914839,-9.735539305017209,1.1747850253617185,96.66666666666667,2.7939677238464355e-09,30,3.3527612686157227e-08
dgp2,5,100,-6.065166810753892,-6.332413450420938,0.9648987433760063,90.0,4.163011908531189e-07,30,4.163011908531189e-06
dgp2,5,250,-3.878355261288302,-4.214267047363368,0.9010793786980362,70.0,0.0004758872091770172,30,0.0028553232550621033
dgp2,5,500,-2.9352043725630605,-3.2390593486725514,0.7729219145597842,70.0,0.004352731630206108,30,0.02176365815103054
dgp2,20,1,-23.39107067617191,-26.637029439087495,0.8532154443428615,100.0,9.313225746154785e-10,30,2.514570951461792e-08
dgp2,20,3,-16.301450530478043,-18.111862391515317,0.9235034051873007,100.0,9.313225746154785e-10,30,2.514570951461792e-08
dgp2,20,5,-10.711605562553355,-11.37920465809097,0.970468714235557,100.0,9.313225746154785e-10,30,2.514570951461792e-08
dgp2,20,10,-4.447634351055418,-4.865718243358347,0.5696506882264954,86.66666666666667,1.8952414393424988e-06,30,3.221910446882248e-05
dgp2,20,25,2.9944160607697667,3.6152060688215304,0.9547937473024688,30.0,0.9895750740543008,30,1.0
dgp2,20,50,7.1327569007224145,8.273432062708729,0.7041820229993228,6.666666666666667,0.9999997643753886,30,1.0
dgp2,20,100,8.158542427058324,9.424443842068332,0.8244072903439801,3.3333333333333335,0.9999999953433871,30,1.0
dgp2,20,250,9.876723474012728,11.617228605274754,0.8872643315738079,3.3333333333333335,0.9999999990686774,30,1.0
dgp2,20,500,9.06618993256848,10.795149884957612,1.0556547663167988,3.3333333333333335,0.9999999990686774,30,1.0
dgp3,2,1,-48.1712351895718,-48.60805601934863,3.369083443622797,100.0,9.313225746154785e-10,30,2.514570951461792e-08
dgp3,2,3,-40.03525688695453,-41.3634823444242,1.9299943425742268,100.0,9.313225746154785e-10,30,2.514570951461792e-08
dgp3,2,5,-35.91654725425468,-38.237312956638334,2.123450757504546,100.0,9.313225746154785e-10,30,2.514570951461792e-08
dgp3,2,10,-27.89480291170262,-28.86838098991427,1.341921546256598,100.0,9.313225746154785e-10,30,2.514570951461792e-08
dgp3,2,25,-17.161173157717315,-18.110706177215768,2.281786841414956,96.66666666666667,2.7939677238464355e-09,30,2.514570951461792e-08
dgp3,2,50,-9.443123035105739,-10.716339445546602,2.954739138217615,76.66666666666667,8.494872599840164e-05,30,0.00033979490399360657
dgp3,2,100,-3.073778951437017,-3.816609421937711,2.788739813680659,56.666666666666664,0.054716029204428196,30,0.1641480876132846
dgp3,2,250,2.751988530818983,1.7743402963489086,2.9964239008570677,43.333333333333336,0.657476463355124,30,1.0
dgp3,2,500,4.025880895118005,2.9525365406000925,2.6415671892339523,36.666666666666664,0.8091007824987173,30,1.0
dgp3,5,1,-38.42023182252127,-42.556657630811316,1.8667178744353805,100.0,9.313225746154785e-10,30,2.514570951461792e-08
dgp3,5,3,-35.395827000290964,-37.48262283273617,1.8231270120505512,100.0,9.313225746154785e-10,30,2.514570951461792e-08
dgp3,5,5,-30.494430758210505,-33.71271486080718,2.4794933557501206,100.0,9.313225746154785e-10,30,2.514570951461792e-08
dgp3,5,10,-21.71368092389225,-23.24741407762864,3.6516107551612067,100.0,9.313225746154785e-10,30,2.514570951461792e-08
dgp3,5,25,-10.846654631909296,-12.228286697890567,3.6393606314543376,70.0,0.00011581834405660629,30,0.0009265467524528503
dgp3,5,50,-0.4283097770847122,-0.7388239927106965,3.6606200991785016,50.0,0.13550281431525946,30,0.5420112572610378
dgp3,5,100,5.239953360133953,4.513867734487775,2.475378691134821,30.0,0.932632458396256,30,1.0
dgp3,5,250,8.618235580611511,8.125135642602933,3.549202502949965,23.333333333333332,0.9947008695453405,30,1.0
dgp3,5,500,10.112452032480967,9.98006646180266,3.2143739412416803,16.666666666666664,0.9983885055407882,30,1.0
dgp3,20,1,-23.88267557124489,-26.06412300175861,0.738055931972556,100.0,9.313225746154785e-10,30,2.514570951461792e-08
dgp3,20,3,-13.066853193054978,-14.677848422574087,1.2260494680888907,100.0,9.313225746154785e-10,30,2.514570951461792e-08
dgp3,20,5,-6.692354960721835,-7.618359640325756,1.2632265360764903,93.33333333333333,1.7695128917694092e-08,30,3.1851232051849365e-07
dgp3,20,10,1.0242017341492438,1.3913904945238031,1.4522854538177778,36.666666666666664,0.7010961147025228,30,1.0
dgp3,20,25,9.41483214597979,10.437404320729993,0.9986448039792168,10.0,0.9999881666153669,30,1.0
dgp3,20,50,14.059007666769663,15.778709709524218,0.805573044752226,13.333333333333334,0.9999960027635098,30,1.0
dgp3,20,100,16.41755216962447,18.366313221345788,0.9764664977626337,10.0,0.9999847523868084,30,1.0
dgp3,20,250,17.804489804586808,20.212815365982063,1.4396821229635248,6.666666666666667,0.9999974276870489,30,1.0
dgp3,20,500,18.118013848277435,20.350665163365,1.52414545520558,3.3333333333333335,0.9999983804300427,30,1.0
