"dgp","n","p","B","method","mse_true","se","cov","isc","rt"
"dgp1",300,10,10,"GBM",0.102571363591933,NA,0.939,6.46379597796238,0.0465000000000018
"dgp1",300,10,10,"LassoRF",0.246788603473362,NA,0.926,6.81379757621885,0.041999999999998
"dgp1",300,10,10,"RF",0.204563369574715,NA,0.95,6.58825369015238,0.0125000000000028
"dgp1",300,10,10,"RF-H",0.11986982888373,NA,0.938,6.54911621146014,0.0335000000000001
"dgp1",300,10,10,"RF-tuned",0.248513522809777,NA,0.937,6.78240945949748,0.481000000000002
"dgp1",300,10,10,"RidgeRF",0.24196649968423,NA,0.949,6.75697260028284,0.0645000000000024
"dgp1",300,10,10,"SSRF",0.171926756073387,NA,0.948,6.54101921329907,0.0125000000000028
"dgp1",300,10,10,"SSRF-JS",0.17708929807537,NA,0.948,6.5524251704478,0.0125000000000028
"dgp1",300,10,10,"SSRF-JS-H",0.140476910616622,NA,0.945,6.47969893348677,0.0335000000000001
"dgp1",300,10,10,"SSRF-naive",0.192147666653348,NA,0.95,6.57388463770291,0.0125000000000028
"dgp1",300,10,10,"SSRF-rob",0.199697104969267,NA,0.95,6.58121654873747,0.0339999999999989
"dgp1",300,10,10,"SSRF-tuned",0.185796917010015,NA,0.948,6.56423056462239,0.498000000000001
"dgp1",300,10,500,"GBM",0.101532348161014,NA,0.946,6.35800447633743,0.0600000000000023
"dgp1",300,10,500,"LassoRF",0.174435223575252,NA,0.954,6.33543008302077,0.2225
"dgp1",300,10,500,"RF",0.112819647730949,NA,0.947,6.34085685427941,0.584500000000002
"dgp1",300,10,500,"RF-H",0.0764078705413633,NA,0.945,6.25526938303838,0.634499999999999
"dgp1",300,10,500,"RF-tuned",0.0837810161990708,NA,0.943,6.28595282438663,0.653499999999998
"dgp1",300,10,500,"RidgeRF",0.111941839496408,NA,0.95,6.27541790434356,0.341000000000001
"dgp1",300,10,500,"SSRF",0.0966390774189935,NA,0.942,6.30975612460349,0.584500000000002
"dgp1",300,10,500,"SSRF-JS",0.0976129274640355,NA,0.942,6.31087874780263,0.584500000000002
"dgp1",300,10,500,"SSRF-JS-H",0.128429518099296,NA,0.939,6.37923961217098,0.634499999999999
"dgp1",300,10,500,"SSRF-naive",0.106383146211165,NA,0.946,6.32966926665837,0.584500000000002
"dgp1",300,10,500,"SSRF-rob",0.110855051874461,NA,0.946,6.33858042710675,1.656
"dgp1",300,10,500,"SSRF-tuned",0.0811974140788082,NA,0.944,6.25909891517334,1.059
"dgp1",600,20,10,"GBM",0.0839305950854918,NA,0.963,6.04342051932389,0.114999999999998
"dgp1",600,20,10,"LassoRF",0.218777190277368,NA,0.95,6.25628451426636,0.0435000000000016
"dgp1",600,20,10,"RF",0.193277913749706,NA,0.952,6.08284090524285,0.0345000000000013
"dgp1",600,20,10,"RF-H",0.146205102526314,NA,0.959,6.14037438410216,0.0194999999999972
"dgp1",600,20,10,"RF-tuned",0.0970189791479908,NA,0.959,6.04262724593493,1.9875
"dgp1",600,20,10,"RidgeRF",0.217327590473597,NA,0.96,6.05603992014572,0.0625
"dgp1",600,20,10,"SSRF",0.168119581710779,NA,0.954,6.0521279069202,0.0345000000000013
"dgp1",600,20,10,"SSRF-JS",0.17142816034521,NA,0.953,6.05711644219942,0.0345000000000013
"dgp1",600,20,10,"SSRF-JS-H",0.14783104942627,NA,0.959,6.19412096994023,0.0194999999999972
"dgp1",600,20,10,"SSRF-naive",0.183868924977409,NA,0.953,6.07158040592745,0.0345000000000013
"dgp1",600,20,10,"SSRF-rob",0.190939021622813,NA,0.953,6.08067925704228,0.0620000000000012
"dgp1",600,20,10,"SSRF-tuned",0.105361478394878,NA,0.966,5.95537277151118,2.008
"dgp1",600,20,500,"GBM",0.0791868172485675,NA,0.951,6.17804792412803,0.176499999999994
"dgp1",600,20,500,"LassoRF",0.107210516884787,NA,0.945,6.18104417017616,0.494500000000006
"dgp1",600,20,500,"RF",0.0786940579423328,NA,0.946,6.11590416305903,1.6335
"dgp1",600,20,500,"RF-H",0.0792523918099171,NA,0.949,6.25014987550768,0.985499999999998
"dgp1",600,20,500,"RF-tuned",0.0638799170747016,NA,0.945,6.05678335892535,2.5745
"dgp1",600,20,500,"RidgeRF",0.100901026567047,NA,0.952,6.15365054687979,1.166
"dgp1",600,20,500,"SSRF",0.0737454008287529,NA,0.944,6.12590330335811,1.6335
"dgp1",600,20,500,"SSRF-JS",0.0745443689247328,NA,0.944,6.1253799480166,1.6335
"dgp1",600,20,500,"SSRF-JS-H",0.147397364605795,NA,0.952,6.47555168851247,0.985499999999998
"dgp1",600,20,500,"SSRF-naive",0.0767466753183596,NA,0.945,6.11818345845917,1.6335
"dgp1",600,20,500,"SSRF-rob",0.0781850862943569,NA,0.946,6.11634757383347,2.965
"dgp1",600,20,500,"SSRF-tuned",0.0634026544953272,NA,0.945,6.07916666056586,3.5695
"dgp1",1200,20,10,"GBM",0.067019125725579,NA,0.956666666666667,5.80325781944362,0.237500000000004
"dgp1",1200,20,10,"LassoRF",0.185439973371864,NA,0.966666666666667,5.999160214264,0.0594999999999999
"dgp1",1200,20,10,"RF",0.198267379294841,NA,0.959166666666667,6.15528513334453,0.0764999999999887
"dgp1",1200,20,10,"RF-H",0.123089117851144,NA,0.954166666666667,5.90823627372066,0.0344999999999942
"dgp1",1200,20,10,"RF-tuned",0.108611716763424,NA,0.96,5.89529788851194,5.49299999999999
"dgp1",1200,20,10,"RidgeRF",0.194921196871811,NA,0.953333333333333,6.08609700649175,0.101500000000001
"dgp1",1200,20,10,"SSRF",0.17125782162543,NA,0.960833333333333,6.10315234562956,0.0764999999999887
"dgp1",1200,20,10,"SSRF-JS",0.17559363766274,NA,0.959166666666667,6.10456280757564,0.0764999999999887
"dgp1",1200,20,10,"SSRF-JS-H",0.149428296592347,NA,0.951666666666667,5.94897115845854,0.0344999999999942
"dgp1",1200,20,10,"SSRF-naive",0.187873437710473,NA,0.96,6.12941661220083,0.0764999999999887
"dgp1",1200,20,10,"SSRF-rob",0.196238297710314,NA,0.959166666666667,6.15061935857314,0.11699999999999
"dgp1",1200,20,10,"SSRF-tuned",0.0891271448883414,NA,0.964166666666667,5.87215112352069,5.555
"dgp1",1200,20,500,"GBM",0.0801819270692422,NA,0.950833333333333,6.01401427814397,0.350000000000001
"dgp1",1200,20,500,"LassoRF",0.113666615045292,NA,0.951666666666667,6.056118847544,1.4335
"dgp1",1200,20,500,"RF",0.0627871198935462,NA,0.945,5.99935706595809,3.8845
"dgp1",1200,20,500,"RF-H",0.0757549917188437,NA,0.951666666666667,5.97499814862978,1.78850000000001
"dgp1",1200,20,500,"RF-tuned",0.0555982781388878,NA,0.949166666666667,6.00266838800809,7.837
"dgp1",1200,20,500,"RidgeRF",0.0750964227745496,NA,0.95,6.03299212618676,3.21250000000001
"dgp1",1200,20,500,"SSRF",0.061667592788049,NA,0.946666666666667,5.98337745217151,3.8845
"dgp1",1200,20,500,"SSRF-JS",0.0621780474773547,NA,0.946666666666667,5.9837262734459,3.8845
"dgp1",1200,20,500,"SSRF-JS-H",0.142734604150518,NA,0.9525,6.08943146415659,1.78850000000001
"dgp1",1200,20,500,"SSRF-naive",0.0621666530150442,NA,0.945,5.99292499527986,3.8845
"dgp1",1200,20,500,"SSRF-rob",0.0626619982942318,NA,0.945,5.99735652981983,5.953
"dgp1",1200,20,500,"SSRF-tuned",0.0567007072921656,NA,0.95,5.982580095023,10.6825
"dgp1",2000,24,10,"GBM",0.0472266824785408,NA,0.948,6.3543087545566,0.407499999999999
"dgp1",2000,24,10,"LassoRF",0.276955840114049,NA,0.952,6.69666499888834,0.0889999999999986
"dgp1",2000,24,10,"RF",0.191188646184624,NA,0.9445,6.64277947681673,0.192000000000007
"dgp1",2000,24,10,"RF-H",0.116952443962898,NA,0.9525,6.44804492646177,0.069500000000005
"dgp1",2000,24,10,"RF-tuned",0.117614922943482,NA,0.9455,6.44831859788802,13.562
"dgp1",2000,24,10,"RidgeRF",0.204268580143704,NA,0.9595,6.57480213686889,0.228000000000009
"dgp1",2000,24,10,"SSRF",0.163796607855888,NA,0.9455,6.58893106334492,0.192000000000007
"dgp1",2000,24,10,"SSRF-JS",0.167994953585625,NA,0.9455,6.6054206199216,0.192000000000007
"dgp1",2000,24,10,"SSRF-JS-H",0.142671214372487,NA,0.951,6.51770968492644,0.069500000000005
"dgp1",2000,24,10,"SSRF-naive",0.180711176666474,NA,0.9465,6.62004356111652,0.192000000000007
"dgp1",2000,24,10,"SSRF-rob",0.188992866065091,NA,0.9445,6.6393195002809,0.275500000000022
"dgp1",2000,24,10,"SSRF-tuned",0.106780204193419,NA,0.95,6.4573843170081,13.707
"dgp1",2000,24,500,"GBM",0.051564690697065,NA,0.964,6.14831265478097,0.677000000000007
"dgp1",2000,24,500,"LassoRF",0.177997821247559,NA,0.962,6.57231254772454,2.24599999999998
"dgp1",2000,24,500,"RF",0.0560117610658052,NA,0.9655,6.15744855702373,9.489
"dgp1",2000,24,500,"RF-H",0.0575322726228139,NA,0.9655,6.17157978105893,3.31999999999999
"dgp1",2000,24,500,"RF-tuned",0.0478643529857435,NA,0.965,6.16334040430757,18.376
"dgp1",2000,24,500,"RidgeRF",0.06398924547317,NA,0.963,6.25517385390985,8.31100000000001
"dgp1",2000,24,500,"SSRF",0.052323257656626,NA,0.9655,6.1476076766271,9.489
"dgp1",2000,24,500,"SSRF-JS",0.0530509301441883,NA,0.9655,6.14502678939741,9.489
"dgp1",2000,24,500,"SSRF-JS-H",0.14073355144675,NA,0.9665,6.28588051187178,3.31999999999999
"dgp1",2000,24,500,"SSRF-naive",0.0545101880872515,NA,0.9665,6.15723337578851,9.489
"dgp1",2000,24,500,"SSRF-rob",0.0556974206177391,NA,0.9655,6.15748526002913,12.4245
"dgp1",2000,24,500,"SSRF-tuned",0.0460847094237859,NA,0.966,6.1668055373531,24.332
"dgp2",300,10,10,"GBM",0.0603576528019198,NA,0.953,4.8453915917612,0.0370000000000061
"dgp2",300,10,10,"LassoRF",0.149289805441849,NA,0.941,5.18342723791879,0.0354999999999848
"dgp2",300,10,10,"RF",0.168740605056674,NA,0.948,5.24005633939902,0.0129999999999768
"dgp2",300,10,10,"RF-H",0.0866224465792326,NA,0.952,4.94697959613392,0.0115000000000123
"dgp2",300,10,10,"RF-tuned",0.185374326929458,NA,0.951,5.10165559276716,0.46350000000001
"dgp2",300,10,10,"RidgeRF",0.150226387326152,NA,0.948,5.02545936758675,0.039999999999992
"dgp2",300,10,10,"SSRF",0.125029642917954,NA,0.944,5.12532300470505,0.0129999999999768
"dgp2",300,10,10,"SSRF-JS",0.12968791350314,NA,0.945,5.14190706287769,0.0129999999999768
"dgp2",300,10,10,"SSRF-JS-H",0.093970304494874,NA,0.958,4.94918770668475,0.0115000000000123
"dgp2",300,10,10,"SSRF-naive",0.149970771547326,NA,0.946,5.18422572040554,0.0129999999999768
"dgp2",300,10,10,"SSRF-rob",0.165356830115858,NA,0.947,5.23281021140706,0.0329999999999586
"dgp2",300,10,10,"SSRF-tuned",0.108897223694962,NA,0.948,4.95032591731448,0.474000000000018
"dgp2",300,10,500,"GBM",0.0578628802069073,NA,0.951,4.88165338988368,0.0585000000000093
"dgp2",300,10,500,"LassoRF",0.0788307508011922,NA,0.947,4.8880700038857,0.227499999999992
"dgp2",300,10,500,"RF",0.0694824996050353,NA,0.949,4.87012932892013,0.605999999999995
"dgp2",300,10,500,"RF-H",0.0561448527042174,NA,0.955,4.87084155363093,0.634000000000015
"dgp2",300,10,500,"RF-tuned",0.07241088129215,NA,0.948,4.82504353423766,0.743000000000023
"dgp2",300,10,500,"RidgeRF",0.0826652721110476,NA,0.951,4.92858635776843,0.347999999999985
"dgp2",300,10,500,"SSRF",0.0587349621725452,NA,0.95,4.85358645891402,0.605999999999995
"dgp2",300,10,500,"SSRF-JS",0.0599119667392896,NA,0.95,4.85402672040022,0.605999999999995
"dgp2",300,10,500,"SSRF-JS-H",0.0878787691473144,NA,0.957,4.94230568980936,0.634000000000015
"dgp2",300,10,500,"SSRF-naive",0.0649464111989091,NA,0.95,4.86210441459725,0.605999999999995
"dgp2",300,10,500,"SSRF-rob",0.0685115547943473,NA,0.949,4.86799919513478,1.72499999999999
"dgp2",300,10,500,"SSRF-tuned",0.0635235620113328,NA,0.951,4.82400868294303,1.32000000000002
"dgp2",600,20,10,"GBM",0.035411467819538,NA,0.952,4.86127839704426,0.119499999999988
"dgp2",600,20,10,"LassoRF",0.0976388697518207,NA,0.954,4.77143899032504,0.0490000000000066
"dgp2",600,20,10,"RF",0.111457966612562,NA,0.954,4.91263470073235,0.032999999999987
"dgp2",600,20,10,"RF-H",0.0828986300609662,NA,0.949,4.9380470190669,0.0215000000000032
"dgp2",600,20,10,"RF-tuned",0.0541389152620419,NA,0.959,4.80381444357099,1.99199999999999
"dgp2",600,20,10,"RidgeRF",0.124036173719621,NA,0.945,5.08611771733081,0.0699999999999932
"dgp2",600,20,10,"SSRF",0.0959165395379831,NA,0.956,4.87187001173712,0.032999999999987
"dgp2",600,20,10,"SSRF-JS",0.0982844452895227,NA,0.955,4.87755971333189,0.032999999999987
"dgp2",600,20,10,"SSRF-JS-H",0.0910397464840846,NA,0.956,4.97418169411024,0.0215000000000032
"dgp2",600,20,10,"SSRF-naive",0.105389270825471,NA,0.954,4.89821613990675,0.032999999999987
"dgp2",600,20,10,"SSRF-rob",0.109963640296927,NA,0.954,4.90843154008291,0.0604999999999905
"dgp2",600,20,10,"SSRF-tuned",0.0481549440963127,NA,0.949,4.81570474852499,2.01149999999998
"dgp2",600,20,500,"GBM",0.0350289151795703,NA,0.941,5.09843807356334,0.183999999999997
"dgp2",600,20,500,"LassoRF",0.0488157356557292,NA,0.935,5.1753669154007,0.466999999999985
"dgp2",600,20,500,"RF",0.0396297920623417,NA,0.942,5.15122568230558,1.72400000000002
"dgp2",600,20,500,"RF-H",0.0461462700523423,NA,0.942,5.18001919532347,1.12349999999998
"dgp2",600,20,500,"RF-tuned",0.0318122372428341,NA,0.944,5.15768244210462,2.61799999999999
"dgp2",600,20,500,"RidgeRF",0.0541276804370498,NA,0.944,5.135423887371,1.25300000000001
"dgp2",600,20,500,"SSRF",0.0369503261173361,NA,0.941,5.15364859371224,1.72400000000002
"dgp2",600,20,500,"SSRF-JS",0.0373407405664924,NA,0.941,5.15469647815488,1.72400000000002
"dgp2",600,20,500,"SSRF-JS-H",0.084742975627164,NA,0.934,5.27101771789558,1.12349999999998
"dgp2",600,20,500,"SSRF-naive",0.0384985972242213,NA,0.941,5.15168077905955,1.72400000000002
"dgp2",600,20,500,"SSRF-rob",0.0393581861224279,NA,0.942,5.15143732053035,3.18300000000005
"dgp2",600,20,500,"SSRF-tuned",0.0310321325118767,NA,0.944,5.15120473394324,3.61350000000002
"dgp2",1200,20,10,"GBM",0.0227229137656429,NA,0.945,5.02988824491159,0.212499999999977
"dgp2",1200,20,10,"LassoRF",0.085210531163213,NA,0.94,5.13637195948953,0.0595000000000141
"dgp2",1200,20,10,"RF",0.0788670712154508,NA,0.936666666666667,5.13674925970951,0.0715000000000146
"dgp2",1200,20,10,"RF-H",0.0651575030817633,NA,0.935,5.08573708611396,0.0384999999999707
"dgp2",1200,20,10,"RF-tuned",0.0460795379462831,NA,0.944166666666667,5.02761641711231,4.88650000000001
"dgp2",1200,20,10,"RidgeRF",0.0916497048366419,NA,0.940833333333333,5.19079733210231,0.10499999999999
"dgp2",1200,20,10,"SSRF",0.0691563650693544,NA,0.936666666666667,5.09520563107764,0.0715000000000146
"dgp2",1200,20,10,"SSRF-JS",0.0705568776761591,NA,0.939166666666667,5.09979927840812,0.0715000000000146
"dgp2",1200,20,10,"SSRF-JS-H",0.0854159927200572,NA,0.945,5.08121091512493,0.0384999999999707
"dgp2",1200,20,10,"SSRF-naive",0.0750551391287427,NA,0.935833333333333,5.11603452012675,0.0715000000000146
"dgp2",1200,20,10,"SSRF-rob",0.0778068731161826,NA,0.935833333333333,5.13235716271936,0.11050000000003
"dgp2",1200,20,10,"SSRF-tuned",0.0431473125969479,NA,0.940833333333333,5.12730048959621,4.93049999999999
"dgp2",1200,20,500,"GBM",0.0239479835444958,NA,0.9575,4.73432628204853,0.35299999999998
"dgp2",1200,20,500,"LassoRF",0.0322632341484721,NA,0.951666666666667,4.7908150937494,0.999500000000012
"dgp2",1200,20,500,"RF",0.0282664599311881,NA,0.953333333333333,4.76613084281117,3.81950000000001
"dgp2",1200,20,500,"RF-H",0.0365440156025556,NA,0.956666666666667,4.77201413224099,1.95249999999999
"dgp2",1200,20,500,"RF-tuned",0.0222232388267448,NA,0.95,4.75929576660499,6.89000000000001
"dgp2",1200,20,500,"RidgeRF",0.0369869135451067,NA,0.949166666666667,4.74399204023375,2.95100000000002
"dgp2",1200,20,500,"SSRF",0.0273006359939191,NA,0.953333333333333,4.76204618935167,3.81950000000001
"dgp2",1200,20,500,"SSRF-JS",0.0275134235203227,NA,0.953333333333333,4.76170046487126,3.81950000000001
"dgp2",1200,20,500,"SSRF-JS-H",0.0838043737560243,NA,0.9575,4.80664638303893,1.95249999999999
"dgp2",1200,20,500,"SSRF-naive",0.0277852918711145,NA,0.9525,4.76404793838965,3.81950000000001
"dgp2",1200,20,500,"SSRF-rob",0.0281339023180643,NA,0.9525,4.76547246009733,5.92750000000001
"dgp2",1200,20,500,"SSRF-tuned",0.0220189288013604,NA,0.9525,4.74884219147554,9.42100000000002
"dgp2",2000,24,10,"GBM",0.0183852074535554,NA,0.952,4.46317295235299,0.385500000000008
"dgp2",2000,24,10,"LassoRF",0.0997677787024389,NA,0.9535,4.58893858178007,0.0749999999999886
"dgp2",2000,24,10,"RF",0.0943233738016553,NA,0.951,4.54573487222739,0.16549999999998
"dgp2",2000,24,10,"RF-H",0.0637767958222164,NA,0.95,4.56464960371403,0.0644999999999811
"dgp2",2000,24,10,"RF-tuned",0.0511364257872317,NA,0.948,4.56676513503652,11.5325
"dgp2",2000,24,10,"RidgeRF",0.10852858931918,NA,0.948,4.49228702401913,0.21750000000003
"dgp2",2000,24,10,"SSRF",0.0811943803804524,NA,0.953,4.53219250240841,0.16549999999998
"dgp2",2000,24,10,"SSRF-JS",0.0834264356820636,NA,0.9515,4.53329555312332,0.16549999999998
"dgp2",2000,24,10,"SSRF-JS-H",0.0825369503217837,NA,0.9505,4.64232819294507,0.0644999999999811
"dgp2",2000,24,10,"SSRF-naive",0.0891895352081466,NA,0.9525,4.5404333709098,0.16549999999998
"dgp2",2000,24,10,"SSRF-rob",0.0932633433995451,NA,0.951,4.54447513610979,0.221499999999992
"dgp2",2000,24,10,"SSRF-tuned",0.0469781582105483,NA,0.952,4.53859602796068,11.6425
"dgp2",2000,24,500,"GBM",0.0285637223110285,NA,0.954,4.50845045810206,0.677999999999997
"dgp2",2000,24,500,"LassoRF",0.052871734526446,NA,0.958,4.54186220756025,2.20449999999997
"dgp2",2000,24,500,"RF",0.0274046560332949,NA,0.955,4.55227843554926,10.834
"dgp2",2000,24,500,"RF-H",0.0307924345532374,NA,0.9505,4.56008947969792,3.19049999999999
"dgp2",2000,24,500,"RF-tuned",0.0201353556189011,NA,0.9545,4.52053203589761,16.304
"dgp2",2000,24,500,"RidgeRF",0.0352992908102488,NA,0.95,4.57172398679254,7.6225
"dgp2",2000,24,500,"SSRF",0.0258389734090113,NA,0.9505,4.54540054406677,10.834
"dgp2",2000,24,500,"SSRF-JS",0.0261063586450665,NA,0.9505,4.54569509166467,10.834
"dgp2",2000,24,500,"SSRF-JS-H",0.0799432179308181,NA,0.948,4.69322277121271,3.19049999999999
"dgp2",2000,24,500,"SSRF-naive",0.0267133131252281,NA,0.954,4.54913649388121,10.834
"dgp2",2000,24,500,"SSRF-rob",0.0272479795149432,NA,0.955,4.55215833715199,13.704
"dgp2",2000,24,500,"SSRF-tuned",0.0206935381275745,NA,0.95,4.51947012343182,21.1835
"dgp3",300,10,10,"GBM",0.116194382747549,NA,0.923,7.49464851323863,0.0375000000000227
"dgp3",300,10,10,"LassoRF",0.147338756336797,NA,0.942,7.45866792478816,0.0375000000000227
"dgp3",300,10,10,"RF",0.151832086615429,NA,0.936,7.34243022910692,0.0124999999999318
"dgp3",300,10,10,"RF-H",0.116739371763192,NA,0.924,7.43755407047879,0.0124999999999886
"dgp3",300,10,10,"RF-tuned",0.100401826768066,NA,0.93,7.53157411171378,0.447000000000003
"dgp3",300,10,10,"RidgeRF",0.152902476248994,NA,0.931,7.19398754204929,0.0374999999999659
"dgp3",300,10,10,"SSRF",0.122420879164782,NA,0.933,7.30824490543141,0.0124999999999318
"dgp3",300,10,10,"SSRF-JS",0.127604010566649,NA,0.936,7.3040274140165,0.0124999999999318
"dgp3",300,10,10,"SSRF-JS-H",0.17559165320917,NA,0.926,7.52128506215922,0.0124999999999886
"dgp3",300,10,10,"SSRF-naive",0.139417186378411,NA,0.936,7.32240395921928,0.0124999999999318
"dgp3",300,10,10,"SSRF-rob",0.149607722421395,NA,0.938,7.3378048363081,0.0394999999999186
"dgp3",300,10,10,"SSRF-tuned",0.0918523486825005,NA,0.929,7.40291999964767,0.454499999999939
"dgp3",300,10,500,"GBM",0.0804223414474025,NA,0.945,7.1802320155271,0.0579999999999927
"dgp3",300,10,500,"LassoRF",0.0916760940045995,NA,0.946,7.2049777492272,0.190499999999929
"dgp3",300,10,500,"RF",0.0765534458248874,NA,0.943,7.24973981056589,0.571999999999946
"dgp3",300,10,500,"RF-H",0.0799009547929596,NA,0.947,7.20741825377688,0.634000000000015
"dgp3",300,10,500,"RF-tuned",0.0737523089294484,NA,0.944,7.2651466434489,0.678000000000054
"dgp3",300,10,500,"RidgeRF",0.0839971533872895,NA,0.948,7.08356891266163,0.325500000000034
"dgp3",300,10,500,"SSRF",0.072379040646712,NA,0.946,7.22436154354637,0.571999999999946
"dgp3",300,10,500,"SSRF-JS",0.0736458379462961,NA,0.945,7.227872646052,0.571999999999946
"dgp3",300,10,500,"SSRF-JS-H",0.157450721227715,NA,0.945,7.31772738569833,0.634000000000015
"dgp3",300,10,500,"SSRF-naive",0.0742105491689918,NA,0.943,7.24156884550142,0.571999999999946
"dgp3",300,10,500,"SSRF-rob",0.0761215285520596,NA,0.943,7.24810774284565,1.71199999999988
"dgp3",300,10,500,"SSRF-tuned",0.0697360569907009,NA,0.943,7.22724625998709,1.178
"dgp3",600,20,10,"GBM",0.0672633525578727,NA,0.945,6.23539339077587,0.115999999999985
"dgp3",600,20,10,"LassoRF",0.225913843223753,NA,0.93,6.72030162334143,0.0380000000000109
"dgp3",600,20,10,"RF",0.140466543322816,NA,0.945,6.39961947941969,0.0360000000000014
"dgp3",600,20,10,"RF-H",0.130386841019621,NA,0.943,6.29815461692795,0.0264999999999986
"dgp3",600,20,10,"RF-tuned",0.0905806840757031,NA,0.939,6.37245231858797,2.21050000000002
"dgp3",600,20,10,"RidgeRF",0.149244868973533,NA,0.943,6.32223885731867,0.0620000000000118
"dgp3",600,20,10,"SSRF",0.121864478467052,NA,0.946,6.36352236650649,0.0360000000000014
"dgp3",600,20,10,"SSRF-JS",0.125803487102926,NA,0.945,6.36670584124078,0.0360000000000014
"dgp3",600,20,10,"SSRF-JS-H",0.174029284796323,NA,0.938,6.39006964711856,0.0264999999999986
"dgp3",600,20,10,"SSRF-naive",0.133258201228587,NA,0.946,6.3832106397202,0.0360000000000014
"dgp3",600,20,10,"SSRF-rob",0.139568681092209,NA,0.945,6.39940641424535,0.0675000000000523
"dgp3",600,20,10,"SSRF-tuned",0.0844379148753455,NA,0.946,6.265132813999,2.23400000000004
"dgp3",600,20,500,"GBM",0.073648113039379,NA,0.936,5.76798336297304,0.185000000000059
"dgp3",600,20,500,"LassoRF",0.132262851265704,NA,0.936,6.02843493922471,0.388499999999965
"dgp3",600,20,500,"RF",0.0596873118784981,NA,0.931,5.88935868552586,1.65200000000004
"dgp3",600,20,500,"RF-H",0.0815966808919327,NA,0.933,5.7989346638771,1.03950000000003
"dgp3",600,20,500,"RF-tuned",0.056073363540999,NA,0.933,5.85564632308304,2.79199999999997
"dgp3",600,20,500,"RidgeRF",0.0721641604177208,NA,0.933,5.7559759946523,1.25100000000003
"dgp3",600,20,500,"SSRF",0.0610683560700311,NA,0.932,5.86573377134082,1.65200000000004
"dgp3",600,20,500,"SSRF-JS",0.0619008699207407,NA,0.932,5.8680671888139,1.65200000000004
"dgp3",600,20,500,"SSRF-JS-H",0.158887654937731,NA,0.929,5.90655261858279,1.03950000000003
"dgp3",600,20,500,"SSRF-naive",0.0596590903899771,NA,0.931,5.88148942495748,1.65200000000004
"dgp3",600,20,500,"SSRF-rob",0.0597434043555766,NA,0.931,5.89135027615419,3.12649999999996
"dgp3",600,20,500,"SSRF-tuned",0.0590740937431782,NA,0.931,5.87625313476521,3.71549999999996
"dgp3",1200,20,10,"GBM",0.0565776076109779,NA,0.950833333333333,6.60701627707257,0.221499999999992
"dgp3",1200,20,10,"LassoRF",0.174079317923672,NA,0.9425,6.6676331308122,0.0589999999999691
"dgp3",1200,20,10,"RF",0.142192520459688,NA,0.944166666666667,6.63807149413231,0.0844999999999914
"dgp3",1200,20,10,"RF-H",0.107141695542589,NA,0.948333333333333,6.6406733870309,0.0365000000000464
"dgp3",1200,20,10,"RF-tuned",0.0786668317586293,NA,0.950833333333333,6.5224103772092,5.68399999999997
"dgp3",1200,20,10,"RidgeRF",0.294257891251333,NA,0.958333333333333,7.0973593971618,0.112500000000068
"dgp3",1200,20,10,"SSRF",0.116674414442396,NA,0.946666666666667,6.62727119389574,0.0844999999999914
"dgp3",1200,20,10,"SSRF-JS",0.121470801040499,NA,0.945833333333333,6.63437658426145,0.0844999999999914
"dgp3",1200,20,10,"SSRF-JS-H",0.153349362191492,NA,0.955833333333333,6.78916984502961,0.0365000000000464
"dgp3",1200,20,10,"SSRF-naive",0.13187795178141,NA,0.945833333333333,6.64725605939671,0.0844999999999914
"dgp3",1200,20,10,"SSRF-rob",0.141325705700253,NA,0.944166666666667,6.63935273616075,0.129500000000007
"dgp3",1200,20,10,"SSRF-tuned",0.075549277616323,NA,0.951666666666667,6.52917877130251,5.74399999999997
"dgp3",1200,20,500,"GBM",0.0638522849313489,NA,0.961666666666667,7.62449151867612,0.347500000000025
"dgp3",1200,20,500,"LassoRF",0.0886219585820321,NA,0.96,7.76535504046418,1.0455
"dgp3",1200,20,500,"RF",0.0630477059861926,NA,0.956666666666667,7.68427815991162,3.97649999999999
"dgp3",1200,20,500,"RF-H",0.0560786773936931,NA,0.959166666666667,7.63639944068343,1.80200000000002
"dgp3",1200,20,500,"RF-tuned",0.0545612895521691,NA,0.958333333333333,7.68213217157018,7.25249999999994
"dgp3",1200,20,500,"RidgeRF",0.100958082312298,NA,0.9625,7.83736934448429,3.142
"dgp3",1200,20,500,"SSRF",0.0587045409231009,NA,0.959166666666667,7.6854353912443,3.97649999999999
"dgp3",1200,20,500,"SSRF-JS",0.0601533420036511,NA,0.959166666666667,7.68646720626118,3.97649999999999
"dgp3",1200,20,500,"SSRF-JS-H",0.145153571504188,NA,0.963333333333333,7.77013480297282,1.80200000000002
"dgp3",1200,20,500,"SSRF-naive",0.0607597913506746,NA,0.9575,7.68443593344578,3.97649999999999
"dgp3",1200,20,500,"SSRF-rob",0.0628918189120632,NA,0.956666666666667,7.6847660315207,6.16499999999996
"dgp3",1200,20,500,"SSRF-tuned",0.0546659928373392,NA,0.96,7.64524157520115,9.41199999999998
"dgp3",2000,24,10,"GBM",0.0574140825180111,NA,0.96,5.9841510598162,0.436499999999967
"dgp3",2000,24,10,"LassoRF",0.143367304168035,NA,0.956,6.12820027094395,0.113499999999988
"dgp3",2000,24,10,"RF",0.170467840172472,NA,0.9555,6.10980082927503,0.211000000000013
"dgp3",2000,24,10,"RF-H",0.103374955523184,NA,0.957,6.01896838499242,0.0639999999999645
"dgp3",2000,24,10,"RF-tuned",0.0945642124133506,NA,0.9565,6.08456168133783,13.51
"dgp3",2000,24,10,"RidgeRF",0.185419528855444,NA,0.956,6.35238234155529,0.217000000000041
"dgp3",2000,24,10,"SSRF",0.13767151373375,NA,0.9535,6.05564255982052,0.211000000000013
"dgp3",2000,24,10,"SSRF-JS",0.143861165916078,NA,0.954,6.07239948718366,0.211000000000013
"dgp3",2000,24,10,"SSRF-JS-H",0.149443919127496,NA,0.9535,6.13268602761987,0.0639999999999645
"dgp3",2000,24,10,"SSRF-naive",0.157560840425982,NA,0.955,6.09023379163474,0.211000000000013
"dgp3",2000,24,10,"SSRF-rob",0.1694378822127,NA,0.9555,6.10848726188676,0.274000000000001
"dgp3",2000,24,10,"SSRF-tuned",0.0782033092479545,NA,0.959,5.95708712492369,13.632
"dgp3",2000,24,500,"GBM",0.0386405252940765,NA,0.951,6.08559262810382,0.668000000000006
"dgp3",2000,24,500,"LassoRF",0.104126532934792,NA,0.955,6.23893272092087,2.61149999999998
"dgp3",2000,24,500,"RF",0.0500285276340781,NA,0.9505,6.15321131012867,10.8030000000001
"dgp3",2000,24,500,"RF-H",0.0477826409296139,NA,0.952,6.10844309988054,3.42400000000004
"dgp3",2000,24,500,"RF-tuned",0.0442861865321513,NA,0.9515,6.13616401816243,19.3285
"dgp3",2000,24,500,"RidgeRF",0.0606886142527237,NA,0.95,6.17321019592439,8.54050000000001
"dgp3",2000,24,500,"SSRF",0.0475368549525795,NA,0.952,6.13580400414537,10.8030000000001
"dgp3",2000,24,500,"SSRF-JS",0.0490338348878148,NA,0.9525,6.14059369172197,10.8030000000001
"dgp3",2000,24,500,"SSRF-JS-H",0.142045360796301,NA,0.9525,6.32302092062635,3.42400000000004
"dgp3",2000,24,500,"SSRF-naive",0.0484559739880668,NA,0.949,6.14631234663549,10.8030000000001
"dgp3",2000,24,500,"SSRF-rob",0.0499340827356168,NA,0.95,6.1526654835184,13.901
"dgp3",2000,24,500,"SSRF-tuned",0.043923791402677,NA,0.953,6.13366729877826,25.744
