"experiment","dgp","n","p","B","min_leaf","rep","method","mse","mse_true"
"equivalence","dgp1",600,10,5,5,1,"RF",1.60912026509423,0.374922215530428
"equivalence","dgp1",600,10,5,5,1,"SSRF-JS",1.5237808062471,0.29924081792395
"equivalence","dgp1",600,10,10,5,1,"RF",1.44961808211847,0.209063338359988
"equivalence","dgp1",600,10,10,5,1,"SSRF-JS",1.40079629581176,0.169788895621727
"equivalence","dgp1",600,10,15,5,1,"RF",1.39659724137983,0.164162941978516
"equivalence","dgp1",600,10,15,5,1,"SSRF-JS",1.35677731018562,0.132522750002333
"equivalence","dgp1",600,10,25,5,1,"RF",1.35811445034743,0.12801207190557
"equivalence","dgp1",600,10,25,5,1,"SSRF-JS",1.326044981825,0.103853065457173
"equivalence","dgp1",600,10,40,5,1,"RF",1.33830113962565,0.112529609465058
"equivalence","dgp1",600,10,40,5,1,"SSRF-JS",1.31213469669326,0.0935110216315409
"equivalence","dgp1",600,10,60,5,1,"RF",1.32343971173857,0.102977280122391
"equivalence","dgp1",600,10,60,5,1,"SSRF-JS",1.30007067832855,0.0863315909202621
"equivalence","dgp1",600,10,100,5,1,"RF",1.30959459188916,0.0943346260921501
"equivalence","dgp1",600,10,100,5,1,"SSRF-JS",1.28800228479463,0.0789059387893639
"equivalence","dgp1",600,10,150,5,1,"RF",1.30181367513337,0.0898951037283076
"equivalence","dgp1",600,10,150,5,1,"SSRF-JS",1.28123139991606,0.0753095970254363
"equivalence","dgp1",600,10,250,5,1,"RF",1.29308667109516,0.0834773227298873
"equivalence","dgp1",600,10,250,5,1,"SSRF-JS",1.27444103032659,0.0704167990318973
"equivalence","dgp1",600,10,400,5,1,"RF",1.29074780667463,0.0780332268914248
"equivalence","dgp1",600,10,400,5,1,"SSRF-JS",1.2727280806424,0.0658578933872439
"equivalence","dgp1",600,10,600,5,1,"RF",1.28848349996929,0.0769912552112914
"equivalence","dgp1",600,10,600,5,1,"SSRF-JS",1.27098969291627,0.0653948115629553
"equivalence","dgp1",600,10,5,5,2,"RF",1.73751597312888,0.461868323805154
"equivalence","dgp1",600,10,5,5,2,"SSRF-JS",1.68996604811766,0.417769515234853
"equivalence","dgp1",600,10,10,5,2,"RF",2.00494648034097,0.683855864376311
"equivalence","dgp1",600,10,10,5,2,"SSRF-JS",1.95079819276431,0.634779976750738
"equivalence","dgp1",600,10,15,5,2,"RF",1.83700774497275,0.541879037732059
"equivalence","dgp1",600,10,15,5,2,"SSRF-JS",1.79371264368052,0.503025361773301
"equivalence","dgp1",600,10,25,5,2,"RF",1.72212233353553,0.435890645391289
"equivalence","dgp1",600,10,25,5,2,"SSRF-JS",1.67365104140268,0.395980087314881
"equivalence","dgp1",600,10,40,5,2,"RF",1.54310617675781,0.279273190297935
"equivalence","dgp1",600,10,40,5,2,"SSRF-JS",1.51058765372744,0.25454703749925
"equivalence","dgp1",600,10,60,5,2,"RF",1.56744430512421,0.302142896841689
"equivalence","dgp1",600,10,60,5,2,"SSRF-JS",1.53996265527098,0.279734632474092
"equivalence","dgp1",600,10,100,5,2,"RF",1.52482980602829,0.261402991141832
"equivalence","dgp1",600,10,100,5,2,"SSRF-JS",1.50077739428967,0.243244885401974
"equivalence","dgp1",600,10,150,5,2,"RF",1.57992948487816,0.302369986771488
"equivalence","dgp1",600,10,150,5,2,"SSRF-JS",1.55341349922333,0.281836111122281
"equivalence","dgp1",600,10,250,5,2,"RF",1.53229988892091,0.263389019198741
"equivalence","dgp1",600,10,250,5,2,"SSRF-JS",1.5095658782042,0.245320140654274
"equivalence","dgp1",600,10,400,5,2,"RF",1.54726543509442,0.276193797057083
"equivalence","dgp1",600,10,400,5,2,"SSRF-JS",1.52400944138648,0.257281916352052
"equivalence","dgp1",600,10,600,5,2,"RF",1.53662313915414,0.267121483219546
"equivalence","dgp1",600,10,600,5,2,"SSRF-JS",1.5138253630938,0.248521453893137
"equivalence","dgp2",600,10,5,5,1,"RF",0.772778663344684,0.173250079640632
"equivalence","dgp2",600,10,5,5,1,"SSRF-JS",0.742019013268625,0.14360899608186
"equivalence","dgp2",600,10,10,5,1,"RF",0.70401407042011,0.122544143981313
"equivalence","dgp2",600,10,10,5,1,"SSRF-JS",0.685128577089819,0.102474604646683
"equivalence","dgp2",600,10,15,5,1,"RF",0.683656472290911,0.0954086869112127
"equivalence","dgp2",600,10,15,5,1,"SSRF-JS",0.66861383116191,0.0800504548739951
"equivalence","dgp2",600,10,25,5,1,"RF",0.664609452047905,0.0803312017324868
"equivalence","dgp2",600,10,25,5,1,"SSRF-JS",0.652289391086542,0.0674942013654777
"equivalence","dgp2",600,10,40,5,1,"RF",0.64995348066912,0.0685834553144323
"equivalence","dgp2",600,10,40,5,1,"SSRF-JS",0.640092431926361,0.0578417677852036
"equivalence","dgp2",600,10,60,5,1,"RF",0.641962672480698,0.0623705691504163
"equivalence","dgp2",600,10,60,5,1,"SSRF-JS",0.633498121291617,0.0528473217394897
"equivalence","dgp2",600,10,100,5,1,"RF",0.636512205222571,0.0544513725181973
"equivalence","dgp2",600,10,100,5,1,"SSRF-JS",0.62950132932572,0.0465119861484311
"equivalence","dgp2",600,10,150,5,1,"RF",0.631077498923288,0.0498888612350996
"equivalence","dgp2",600,10,150,5,1,"SSRF-JS",0.625288454462492,0.0430695780812371
"equivalence","dgp2",600,10,250,5,1,"RF",0.629409831865577,0.0474115627047893
"equivalence","dgp2",600,10,250,5,1,"SSRF-JS",0.623681571072991,0.0407486631715906
"equivalence","dgp2",600,10,400,5,1,"RF",0.631378509321071,0.0464755082214802
"equivalence","dgp2",600,10,400,5,1,"SSRF-JS",0.625635925474155,0.0401099609865071
"equivalence","dgp2",600,10,600,5,1,"RF",0.631624370848297,0.0453035752927406
"equivalence","dgp2",600,10,600,5,1,"SSRF-JS",0.625997094529362,0.0391513398720783
"equivalence","dgp2",600,10,5,5,2,"RF",0.897134923939846,0.180216839637428
"equivalence","dgp2",600,10,5,5,2,"SSRF-JS",0.853697613134782,0.132762062204375
"equivalence","dgp2",600,10,10,5,2,"RF",0.846910512451871,0.122915223402597
"equivalence","dgp2",600,10,10,5,2,"SSRF-JS",0.823334588678221,0.0972392507875105
"equivalence","dgp2",600,10,15,5,2,"RF",0.829195624263767,0.111604126309877
"equivalence","dgp2",600,10,15,5,2,"SSRF-JS",0.80820334030662,0.0855107768897852
"equivalence","dgp2",600,10,25,5,2,"RF",0.817334117397766,0.0957736095095336
"equivalence","dgp2",600,10,25,5,2,"SSRF-JS",0.800248328533831,0.0752258248251614
"equivalence","dgp2",600,10,40,5,2,"RF",0.803813096157447,0.0839557809829549
"equivalence","dgp2",600,10,40,5,2,"SSRF-JS",0.789838366485494,0.0669550427964706
"equivalence","dgp2",600,10,60,5,2,"RF",0.796538919306214,0.0729518943492184
"equivalence","dgp2",600,10,60,5,2,"SSRF-JS",0.785927498026505,0.0601085837203106
"equivalence","dgp2",600,10,100,5,2,"RF",0.794591323773783,0.065853271004592
"equivalence","dgp2",600,10,100,5,2,"SSRF-JS",0.78521333694989,0.0551639364957208
"equivalence","dgp2",600,10,150,5,2,"RF",0.79239955895999,0.0650608850525318
"equivalence","dgp2",600,10,150,5,2,"SSRF-JS",0.782934143268226,0.0541744724977755
"equivalence","dgp2",600,10,250,5,2,"RF",0.792411939708665,0.0632152316637252
"equivalence","dgp2",600,10,250,5,2,"SSRF-JS",0.782970455067975,0.0528996931529732
"equivalence","dgp2",600,10,400,5,2,"RF",0.788834422660344,0.0604530819354363
"equivalence","dgp2",600,10,400,5,2,"SSRF-JS",0.780074764615943,0.050793739083595
"equivalence","dgp2",600,10,600,5,2,"RF",0.78988927607743,0.0621013083764488
"equivalence","dgp2",600,10,600,5,2,"SSRF-JS",0.780837203805154,0.052084696744716
"equivalence","dgp3",600,10,5,5,1,"RF",1.18838818388657,0.178759717755659
"equivalence","dgp3",600,10,5,5,1,"SSRF-JS",1.16989435941455,0.159582400032528
"equivalence","dgp3",600,10,10,5,1,"RF",1.12051716295893,0.119047357147378
"equivalence","dgp3",600,10,10,5,1,"SSRF-JS",1.11473017811314,0.11146048649415
"equivalence","dgp3",600,10,15,5,1,"RF",1.08967959423019,0.0910717456504901
"equivalence","dgp3",600,10,15,5,1,"SSRF-JS",1.08827147933206,0.0873303863361811
"equivalence","dgp3",600,10,25,5,1,"RF",1.07939348730111,0.0772369174074646
"equivalence","dgp3",600,10,25,5,1,"SSRF-JS",1.08027406803336,0.0760536749358082
"equivalence","dgp3",600,10,40,5,1,"RF",1.07847235936473,0.0719683204689624
"equivalence","dgp3",600,10,40,5,1,"SSRF-JS",1.07979029418731,0.0716340768612911
"equivalence","dgp3",600,10,60,5,1,"RF",1.069032102189,0.067390718002925
"equivalence","dgp3",600,10,60,5,1,"SSRF-JS",1.07192854922604,0.0678972544389012
"equivalence","dgp3",600,10,100,5,1,"RF",1.07249717360099,0.0615388364971189
"equivalence","dgp3",600,10,100,5,1,"SSRF-JS",1.07483301253788,0.0625027398925338
"equivalence","dgp3",600,10,150,5,1,"RF",1.07161585326663,0.0599501800835857
"equivalence","dgp3",600,10,150,5,1,"SSRF-JS",1.07425089932061,0.0613704998386837
"equivalence","dgp3",600,10,250,5,1,"RF",1.07072556675536,0.0590300830968313
"equivalence","dgp3",600,10,250,5,1,"SSRF-JS",1.07376543350541,0.0609009330818373
"equivalence","dgp3",600,10,400,5,1,"RF",1.07349905669853,0.0587665931726615
"equivalence","dgp3",600,10,400,5,1,"SSRF-JS",1.07631224428419,0.0606985336268934
"equivalence","dgp3",600,10,600,5,1,"RF",1.07531529888471,0.0595326477621823
"equivalence","dgp3",600,10,600,5,1,"SSRF-JS",1.07814691146258,0.0616053794184999
"equivalence","dgp3",600,10,5,5,2,"RF",0.892782778226943,0.240175002532039
"equivalence","dgp3",600,10,5,5,2,"SSRF-JS",0.856716662472499,0.207256611217076
"equivalence","dgp3",600,10,10,5,2,"RF",0.780910520931696,0.132818318773184
"equivalence","dgp3",600,10,10,5,2,"SSRF-JS",0.761138635331823,0.116437630005685
"equivalence","dgp3",600,10,15,5,2,"RF",0.763370115364152,0.115969565159742
"equivalence","dgp3",600,10,15,5,2,"SSRF-JS",0.748723622176203,0.104940910996749
"equivalence","dgp3",600,10,25,5,2,"RF",0.74464635267111,0.0962878301890408
"equivalence","dgp3",600,10,25,5,2,"SSRF-JS",0.735442317796472,0.0902443767970761
"equivalence","dgp3",600,10,40,5,2,"RF",0.726264147455013,0.0816216119041153
"equivalence","dgp3",600,10,40,5,2,"SSRF-JS",0.720288552516072,0.0788094379094013
"equivalence","dgp3",600,10,60,5,2,"RF",0.721204145032295,0.0719730833978881
"equivalence","dgp3",600,10,60,5,2,"SSRF-JS",0.715619169723438,0.0701909983723672
"equivalence","dgp3",600,10,100,5,2,"RF",0.712370524140782,0.0637163420982251
"equivalence","dgp3",600,10,100,5,2,"SSRF-JS",0.708463768521803,0.0635487160003668
"equivalence","dgp3",600,10,150,5,2,"RF",0.711714078877687,0.0602541682180159
"equivalence","dgp3",600,10,150,5,2,"SSRF-JS",0.708463161827422,0.0606058732246883
"equivalence","dgp3",600,10,250,5,2,"RF",0.709722749905326,0.058403147810723
"equivalence","dgp3",600,10,250,5,2,"SSRF-JS",0.706768936040742,0.0589542226799374
"equivalence","dgp3",600,10,400,5,2,"RF",0.709713934689649,0.0571621312189048
"equivalence","dgp3",600,10,400,5,2,"SSRF-JS",0.706843931907472,0.0579393408233959
"equivalence","dgp3",600,10,600,5,2,"RF",0.708602127205065,0.0564300978097586
"equivalence","dgp3",600,10,600,5,2,"SSRF-JS",0.705902674459267,0.0572949192104161
