"experiment","dgp","n","p","B","min_leaf","rep","method","mse","mae","mse_true","lambda","leaves","n_eff","snr"
"substitution","dgp1",600,10,1,2,1,"RF",3.25478537750497,1.33833329782547,1.88837078553414,0.885972954887377,339.014,1.11949359023521,0.119247957182251
"substitution","dgp1",600,10,1,2,1,"SSRF-JS",2.93919613596604,1.27410748594967,1.58261728901351,0.885972954887377,339.014,1.11949359023521,0.119247957182251
"substitution","dgp1",600,10,1,2,1,"SSRF",2.92527334352072,1.27191216365219,1.56796804992902,0.885972954887377,339.014,1.11949359023521,0.119247957182251
"substitution","dgp1",600,10,3,2,1,"RF",1.96381698881871,1.06129936335976,0.624734465827228,0.885972954887377,339.014,1.11949359023521,0.119247957182251
"substitution","dgp1",600,10,3,2,1,"SSRF-JS",1.76546238396359,0.996997302329031,0.446203790419021,0.885972954887377,339.014,1.11949359023521,0.119247957182251
"substitution","dgp1",600,10,3,2,1,"SSRF",1.76001764047284,0.99485388776074,0.440714371461426,0.885972954887377,339.014,1.11949359023521,0.119247957182251
"substitution","dgp1",600,10,5,2,1,"RF",1.6831594607786,0.97246407896897,0.36973323451894,0.885972954887377,339.014,1.11949359023521,0.119247957182251
"substitution","dgp1",600,10,5,2,1,"SSRF-JS",1.57897481831642,0.935609529022383,0.278577664151568,0.885972954887377,339.014,1.11949359023521,0.119247957182251
"substitution","dgp1",600,10,5,2,1,"SSRF",1.57541235644804,0.933842892387389,0.274987864588672,0.885972954887377,339.014,1.11949359023521,0.119247957182251
"substitution","dgp1",600,10,10,2,1,"RF",1.58977494367054,0.929245455374781,0.261586968941056,0.885972954887377,339.014,1.11949359023521,0.119247957182251
"substitution","dgp1",600,10,10,2,1,"SSRF-JS",1.52969513695965,0.907942624775012,0.211399216062517,0.885972954887377,339.014,1.11949359023521,0.119247957182251
"substitution","dgp1",600,10,10,2,1,"SSRF",1.52698465389234,0.906802378124725,0.209308042760609,0.885972954887377,339.014,1.11949359023521,0.119247957182251
"substitution","dgp1",600,10,25,2,1,"RF",1.43580422940475,0.879304941384711,0.170442710135697,0.885972954887377,339.014,1.11949359023521,0.119247957182251
"substitution","dgp1",600,10,25,2,1,"SSRF-JS",1.40453748130748,0.867494291703278,0.142310519738253,0.885972954887377,339.014,1.11949359023521,0.119247957182251
"substitution","dgp1",600,10,25,2,1,"SSRF",1.40310298348457,0.86687834699062,0.141204874686574,0.885972954887377,339.014,1.11949359023521,0.119247957182251
"substitution","dgp1",600,10,50,2,1,"RF",1.39065632144685,0.864480415346379,0.12869114302536,0.885972954887377,339.014,1.11949359023521,0.119247957182251
"substitution","dgp1",600,10,50,2,1,"SSRF-JS",1.36783502196364,0.855000836995698,0.10797328765585,0.885972954887377,339.014,1.11949359023521,0.119247957182251
"substitution","dgp1",600,10,50,2,1,"SSRF",1.36685854918635,0.854567244443603,0.107170686078435,0.885972954887377,339.014,1.11949359023521,0.119247957182251
"substitution","dgp1",600,10,100,2,1,"RF",1.38203102798101,0.860679437476224,0.114623435456388,0.885972954887377,339.014,1.11949359023521,0.119247957182251
"substitution","dgp1",600,10,100,2,1,"SSRF-JS",1.3611124904197,0.852279666505528,0.096458738127336,0.885972954887377,339.014,1.11949359023521,0.119247957182251
"substitution","dgp1",600,10,100,2,1,"SSRF",1.3604957790303,0.852045964073785,0.0958780819817068,0.885972954887377,339.014,1.11949359023521,0.119247957182251
"substitution","dgp1",600,10,250,2,1,"RF",1.37001382486842,0.853983599950201,0.105963140822173,0.885972954887377,339.014,1.11949359023521,0.119247957182251
"substitution","dgp1",600,10,250,2,1,"SSRF-JS",1.3513712176174,0.846811502194228,0.0889653432197144,0.885972954887377,339.014,1.11949359023521,0.119247957182251
"substitution","dgp1",600,10,250,2,1,"SSRF",1.35084857200767,0.846602836805674,0.0885079334185577,0.885972954887377,339.014,1.11949359023521,0.119247957182251
"substitution","dgp1",600,10,500,2,1,"RF",1.36600592021415,0.853365152359613,0.102129076611834,0.885972954887377,339.014,1.11949359023521,0.119247957182251
"substitution","dgp1",600,10,500,2,1,"SSRF-JS",1.34809610961805,0.846612383449422,0.0857743843093289,0.885972954887377,339.014,1.11949359023521,0.119247957182251
"substitution","dgp1",600,10,500,2,1,"SSRF",1.34776002666479,0.846470059707834,0.0853760608696969,0.885972954887377,339.014,1.11949359023521,0.119247957182251
"substitution","dgp1",600,10,1,2,2,"RF",2.5795897312317,1.20878574282362,1.19818041370679,0.890244691558267,338.948,1.11930443607869,0.143670817661188
"substitution","dgp1",600,10,1,2,2,"SSRF-JS",2.30441136480888,1.13495096125505,0.928090058866862,0.890244691558267,338.948,1.11930443607869,0.143670817661188
"substitution","dgp1",600,10,1,2,2,"SSRF",2.29258095251186,1.13240303300459,0.916980067096353,0.890244691558267,338.948,1.11930443607869,0.143670817661188
"substitution","dgp1",600,10,3,2,2,"RF",1.90383998808508,1.01546999588683,0.55890051865939,0.890244691558267,338.948,1.11930443607869,0.143670817661188
"substitution","dgp1",600,10,3,2,2,"SSRF-JS",1.8153660489411,0.986305140857999,0.47150222766378,0.890244691558267,338.948,1.11930443607869,0.143670817661188
"substitution","dgp1",600,10,3,2,2,"SSRF",1.81104696118932,0.98496489793558,0.468745158895751,0.890244691558267,338.948,1.11930443607869,0.143670817661188
"substitution","dgp1",600,10,5,2,2,"RF",1.74183739432718,0.964695337960224,0.358927631478214,0.890244691558267,338.948,1.11930443607869,0.143670817661188
"substitution","dgp1",600,10,5,2,2,"SSRF-JS",1.66845144526664,0.939290880320162,0.295298222809556,0.890244691558267,338.948,1.11930443607869,0.143670817661188
"substitution","dgp1",600,10,5,2,2,"SSRF",1.6649689495241,0.938516636221483,0.29390157257696,0.890244691558267,338.948,1.11930443607869,0.143670817661188
"substitution","dgp1",600,10,10,2,2,"RF",1.61950558200791,0.908209302102492,0.233526098431775,0.890244691558267,338.948,1.11930443607869,0.143670817661188
"substitution","dgp1",600,10,10,2,2,"SSRF-JS",1.57558270429207,0.893005598932382,0.196944730572704,0.890244691558267,338.948,1.11930443607869,0.143670817661188
"substitution","dgp1",600,10,10,2,2,"SSRF",1.57391528080302,0.892801466866758,0.196763207273754,0.890244691558267,338.948,1.11930443607869,0.143670817661188
"substitution","dgp1",600,10,25,2,2,"RF",1.49010234839509,0.863516245163935,0.136906901775332,0.890244691558267,338.948,1.11930443607869,0.143670817661188
"substitution","dgp1",600,10,25,2,2,"SSRF-JS",1.47244158808676,0.857831173420375,0.120810638224434,0.890244691558267,338.948,1.11930443607869,0.143670817661188
"substitution","dgp1",600,10,25,2,2,"SSRF",1.4714769475921,0.857617609286672,0.120379319559445,0.890244691558267,338.948,1.11930443607869,0.143670817661188
"substitution","dgp1",600,10,50,2,2,"RF",1.44595313868117,0.847197903352046,0.104848042756867,0.890244691558267,338.948,1.11930443607869,0.143670817661188
"substitution","dgp1",600,10,50,2,2,"SSRF-JS",1.43786386642532,0.845451002945802,0.0967429670665155,0.890244691558267,338.948,1.11930443607869,0.143670817661188
"substitution","dgp1",600,10,50,2,2,"SSRF",1.43761917198866,0.84539304180074,0.0964735681534306,0.890244691558267,338.948,1.11930443607869,0.143670817661188
"substitution","dgp1",600,10,100,2,2,"RF",1.43728686073879,0.844827337028133,0.0930678258687246,0.890244691558267,338.948,1.11930443607869,0.143670817661188
"substitution","dgp1",600,10,100,2,2,"SSRF-JS",1.43093822199989,0.843776754084483,0.0871110962018726,0.890244691558267,338.948,1.11930443607869,0.143670817661188
"substitution","dgp1",600,10,100,2,2,"SSRF",1.43080587387903,0.843703398443888,0.087010057883873,0.890244691558267,338.948,1.11930443607869,0.143670817661188
"substitution","dgp1",600,10,250,2,2,"RF",1.43573355135012,0.84391221251523,0.0896352361412068,0.890244691558267,338.948,1.11930443607869,0.143670817661188
"substitution","dgp1",600,10,250,2,2,"SSRF-JS",1.42992372951268,0.842661818363412,0.084133779220269,0.890244691558267,338.948,1.11930443607869,0.143670817661188
"substitution","dgp1",600,10,250,2,2,"SSRF",1.42948653328296,0.842518646923247,0.0839267471763298,0.890244691558267,338.948,1.11930443607869,0.143670817661188
"substitution","dgp1",600,10,500,2,2,"RF",1.43455354922153,0.84228104731818,0.090042033073421,0.890244691558267,338.948,1.11930443607869,0.143670817661188
"substitution","dgp1",600,10,500,2,2,"SSRF-JS",1.42852309698548,0.841345910893936,0.0844400675784972,0.890244691558267,338.948,1.11930443607869,0.143670817661188
"substitution","dgp1",600,10,500,2,2,"SSRF",1.42829624960111,0.841288009071761,0.0842491251972452,0.890244691558267,338.948,1.11930443607869,0.143670817661188
"substitution","dgp1",600,10,1,5,1,"RF",2.77013629738384,1.25933791802351,1.13214885088301,0.882447935882388,204.67,1.73710684315957,0.134628004372762
"substitution","dgp1",600,10,1,5,1,"SSRF-JS",2.42853483293269,1.17094952533566,0.807031271804657,0.882447935882388,204.67,1.73710684315957,0.134628004372762
"substitution","dgp1",600,10,1,5,1,"SSRF",2.39148394017206,1.16322519119812,0.771442063475356,0.882447935882388,204.67,1.73710684315957,0.134628004372762
"substitution","dgp1",600,10,3,5,1,"RF",2.02400891261969,1.04633307176636,0.425649712085872,0.882447935882388,204.67,1.73710684315957,0.134628004372762
"substitution","dgp1",600,10,3,5,1,"SSRF-JS",1.92570714353109,1.01426323209598,0.336415644448311,0.882447935882388,204.67,1.73710684315957,0.134628004372762
"substitution","dgp1",600,10,3,5,1,"SSRF",1.91420604863568,1.01069770518917,0.326019537303544,0.882447935882388,204.67,1.73710684315957,0.134628004372762
"substitution","dgp1",600,10,5,5,1,"RF",1.84083076599803,0.993898655046711,0.28155698082187,0.882447935882388,204.67,1.73710684315957,0.134628004372762
"substitution","dgp1",600,10,5,5,1,"SSRF-JS",1.78577978821492,0.973868918642978,0.22924228809601,0.882447935882388,204.67,1.73710684315957,0.134628004372762
"substitution","dgp1",600,10,5,5,1,"SSRF",1.77828478566054,0.970546949272113,0.222205349488513,0.882447935882388,204.67,1.73710684315957,0.134628004372762
"substitution","dgp1",600,10,10,5,1,"RF",1.75940277098016,0.95705013924788,0.214521009647586,0.882447935882388,204.67,1.73710684315957,0.134628004372762
"substitution","dgp1",600,10,10,5,1,"SSRF-JS",1.72679042346586,0.945693190158348,0.182021997799388,0.882447935882388,204.67,1.73710684315957,0.134628004372762
"substitution","dgp1",600,10,10,5,1,"SSRF",1.72474905524806,0.944873026579834,0.1781071833877,0.882447935882388,204.67,1.73710684315957,0.134628004372762
"substitution","dgp1",600,10,25,5,1,"RF",1.68416334329523,0.933958136805238,0.146503227317539,0.882447935882388,204.67,1.73710684315957,0.134628004372762
"substitution","dgp1",600,10,25,5,1,"SSRF-JS",1.66833396585814,0.928077400148755,0.130075413809648,0.882447935882388,204.67,1.73710684315957,0.134628004372762
"substitution","dgp1",600,10,25,5,1,"SSRF",1.66668770690025,0.927431815256355,0.12746280196975,0.882447935882388,204.67,1.73710684315957,0.134628004372762
"substitution","dgp1",600,10,50,5,1,"RF",1.65908118443769,0.925814546457029,0.11348176070385,0.882447935882388,204.67,1.73710684315957,0.134628004372762
"substitution","dgp1",600,10,50,5,1,"SSRF-JS",1.6500639660222,0.922242450876624,0.104776071284972,0.882447935882388,204.67,1.73710684315957,0.134628004372762
"substitution","dgp1",600,10,50,5,1,"SSRF",1.64836754798684,0.921577351939969,0.103410142523398,0.882447935882388,204.67,1.73710684315957,0.134628004372762
"substitution","dgp1",600,10,100,5,1,"RF",1.65711993506837,0.922613270621828,0.10279344689622,0.882447935882388,204.67,1.73710684315957,0.134628004372762
"substitution","dgp1",600,10,100,5,1,"SSRF-JS",1.64931892752344,0.91978874746028,0.096249607021126,0.882447935882388,204.67,1.73710684315957,0.134628004372762
"substitution","dgp1",600,10,100,5,1,"SSRF",1.64822814064429,0.919512265726189,0.0952369639840186,0.882447935882388,204.67,1.73710684315957,0.134628004372762
"substitution","dgp1",600,10,250,5,1,"RF",1.64339732704435,0.91792817113901,0.0943378850706429,0.882447935882388,204.67,1.73710684315957,0.134628004372762
"substitution","dgp1",600,10,250,5,1,"SSRF-JS",1.63794320861934,0.915710992823446,0.0895549832830756,0.882447935882388,204.67,1.73710684315957,0.134628004372762
"substitution","dgp1",600,10,250,5,1,"SSRF",1.63716432043448,0.915548055197799,0.0885936822223851,0.882447935882388,204.67,1.73710684315957,0.134628004372762
"substitution","dgp1",600,10,500,5,1,"RF",1.63961789785196,0.915925629306193,0.092712102513271,0.882447935882388,204.67,1.73710684315957,0.134628004372762
"substitution","dgp1",600,10,500,5,1,"SSRF-JS",1.63485793851717,0.91407229625298,0.0883886521442217,0.882447935882388,204.67,1.73710684315957,0.134628004372762
"substitution","dgp1",600,10,500,5,1,"SSRF",1.63433653073871,0.913944821319298,0.0875513265861352,0.882447935882388,204.67,1.73710684315957,0.134628004372762
"substitution","dgp1",600,10,1,5,2,"RF",2.54512218485823,1.21187878493005,1.17564349907986,0.892670289849807,204.606,1.73435444436226,0.133542416093776
"substitution","dgp1",600,10,1,5,2,"SSRF-JS",2.24684557476597,1.1348262195438,0.894502937690448,0.892670289849807,204.606,1.73435444436226,0.133542416093776
"substitution","dgp1",600,10,1,5,2,"SSRF",2.205218179283,1.1284016988105,0.859463975561584,0.892670289849807,204.606,1.73435444436226,0.133542416093776
"substitution","dgp1",600,10,3,5,2,"RF",1.76250301075708,0.999728109940119,0.47871314311496,0.892670289849807,204.606,1.73435444436226,0.133542416093776
"substitution","dgp1",600,10,3,5,2,"SSRF-JS",1.66585808306913,0.965297367653398,0.387837059373312,0.892670289849807,204.606,1.73435444436226,0.133542416093776
"substitution","dgp1",600,10,3,5,2,"SSRF",1.64575524790464,0.958530076187386,0.371113037994462,0.892670289849807,204.606,1.73435444436226,0.133542416093776
"substitution","dgp1",600,10,5,5,2,"RF",1.56055319230128,0.924135854655499,0.296486242043613,0.892670289849807,204.606,1.73435444436226,0.133542416093776
"substitution","dgp1",600,10,5,5,2,"SSRF-JS",1.50586503224031,0.903948641194283,0.244281400732754,0.892670289849807,204.606,1.73435444436226,0.133542416093776
"substitution","dgp1",600,10,5,5,2,"SSRF",1.49544425713046,0.90034190957792,0.236232847299661,0.892670289849807,204.606,1.73435444436226,0.133542416093776
"substitution","dgp1",600,10,10,5,2,"RF",1.47611194421316,0.883345071197389,0.185555819466993,0.892670289849807,204.606,1.73435444436226,0.133542416093776
"substitution","dgp1",600,10,10,5,2,"SSRF-JS",1.44464724670433,0.871377060238877,0.15893653690639,0.892670289849807,204.606,1.73435444436226,0.133542416093776
"substitution","dgp1",600,10,10,5,2,"SSRF",1.43963585655661,0.869896007701278,0.154957703012584,0.892670289849807,204.606,1.73435444436226,0.133542416093776
"substitution","dgp1",600,10,25,5,2,"RF",1.40086987664578,0.860616162380651,0.125129101143876,0.892670289849807,204.606,1.73435444436226,0.133542416093776
"substitution","dgp1",600,10,25,5,2,"SSRF-JS",1.38337937578067,0.853337911937727,0.110490849419286,0.892670289849807,204.606,1.73435444436226,0.133542416093776
"substitution","dgp1",600,10,25,5,2,"SSRF",1.38141387506056,0.852844782947393,0.10840451797992,0.892670289849807,204.606,1.73435444436226,0.133542416093776
"substitution","dgp1",600,10,50,5,2,"RF",1.39485064572507,0.854161380179944,0.11096576734952,0.892670289849807,204.606,1.73435444436226,0.133542416093776
"substitution","dgp1",600,10,50,5,2,"SSRF-JS",1.37857680506045,0.847786058187073,0.0987042642512048,0.892670289849807,204.606,1.73435444436226,0.133542416093776
"substitution","dgp1",600,10,50,5,2,"SSRF",1.37739840741809,0.847376361968341,0.0970133129120352,0.892670289849807,204.606,1.73435444436226,0.133542416093776
"substitution","dgp1",600,10,100,5,2,"RF",1.38600106040178,0.851934544754852,0.104337669598758,0.892670289849807,204.606,1.73435444436226,0.133542416093776
"substitution","dgp1",600,10,100,5,2,"SSRF-JS",1.37154356394603,0.846002485317465,0.0938601973661162,0.892670289849807,204.606,1.73435444436226,0.133542416093776
"substitution","dgp1",600,10,100,5,2,"SSRF",1.36963453783506,0.845225559197047,0.0923496257232328,0.892670289849807,204.606,1.73435444436226,0.133542416093776
"substitution","dgp1",600,10,250,5,2,"RF",1.37138124391553,0.844720993202428,0.094286771045182,0.892670289849807,204.606,1.73435444436226,0.133542416093776
"substitution","dgp1",600,10,250,5,2,"SSRF-JS",1.35922584100717,0.840061757921984,0.0855395537101646,0.892670289849807,204.606,1.73435444436226,0.133542416093776
"substitution","dgp1",600,10,250,5,2,"SSRF",1.35757436561937,0.839576179724364,0.0844683411843475,0.892670289849807,204.606,1.73435444436226,0.133542416093776
"substitution","dgp1",600,10,500,5,2,"RF",1.36754480463511,0.844294417759675,0.0886677062050559,0.892670289849807,204.606,1.73435444436226,0.133542416093776
"substitution","dgp1",600,10,500,5,2,"SSRF-JS",1.35610878112327,0.839736521528369,0.0809509790263902,0.892670289849807,204.606,1.73435444436226,0.133542416093776
"substitution","dgp1",600,10,500,5,2,"SSRF",1.35453186816599,0.839212621405946,0.080044344777763,0.892670289849807,204.606,1.73435444436226,0.133542416093776
"substitution","dgp1",600,10,1,20,1,"RF",1.9764523229567,1.0819592532477,0.690426605798926,0.874523396414685,67.092,4.78294321677064,0.110250640196824
"substitution","dgp1",600,10,1,20,1,"SSRF-JS",1.7937488676163,1.02292977610883,0.503289481476142,0.874523396414685,67.092,4.78294321677064,0.110250640196824
"substitution","dgp1",600,10,1,20,1,"SSRF",1.73404301731011,1.00529087237882,0.428993965977135,0.874523396414685,67.092,4.78294321677064,0.110250640196824
"substitution","dgp1",600,10,3,20,1,"RF",1.65352644878067,0.966968693733155,0.361023609575801,0.874523396414685,67.092,4.78294321677064,0.110250640196824
"substitution","dgp1",600,10,3,20,1,"SSRF-JS",1.58635924955012,0.943550803798895,0.291672261771122,0.874523396414685,67.092,4.78294321677064,0.110250640196824
"substitution","dgp1",600,10,3,20,1,"SSRF",1.54707144640794,0.928478269475199,0.239120011602158,0.874523396414685,67.092,4.78294321677064,0.110250640196824
"substitution","dgp1",600,10,5,20,1,"RF",1.52728337852188,0.925085738011079,0.245709821759465,0.874523396414685,67.092,4.78294321677064,0.110250640196824
"substitution","dgp1",600,10,5,20,1,"SSRF-JS",1.47812632890898,0.905055894868092,0.192776322738486,0.874523396414685,67.092,4.78294321677064,0.110250640196824
"substitution","dgp1",600,10,5,20,1,"SSRF",1.45740566683408,0.895757095040778,0.159162026056736,0.874523396414685,67.092,4.78294321677064,0.110250640196824
"substitution","dgp1",600,10,10,20,1,"RF",1.46524116430554,0.89772814653203,0.167234574671879,0.874523396414685,67.092,4.78294321677064,0.110250640196824
"substitution","dgp1",600,10,10,20,1,"SSRF-JS",1.42965451392976,0.883239038616736,0.129866691672253,0.874523396414685,67.092,4.78294321677064,0.110250640196824
"substitution","dgp1",600,10,10,20,1,"SSRF",1.42092738019971,0.879595017620093,0.112202388436707,0.874523396414685,67.092,4.78294321677064,0.110250640196824
"substitution","dgp1",600,10,25,20,1,"RF",1.4107403965214,0.875944145449102,0.109575357142005,0.874523396414685,67.092,4.78294321677064,0.110250640196824
"substitution","dgp1",600,10,25,20,1,"SSRF-JS",1.39239736464908,0.866519579144458,0.0895598673844583,0.874523396414685,67.092,4.78294321677064,0.110250640196824
"substitution","dgp1",600,10,25,20,1,"SSRF",1.38730986351115,0.863603838086602,0.079864366523846,0.874523396414685,67.092,4.78294321677064,0.110250640196824
"substitution","dgp1",600,10,50,20,1,"RF",1.38753312720808,0.86391541058395,0.0810440630901152,0.874523396414685,67.092,4.78294321677064,0.110250640196824
"substitution","dgp1",600,10,50,20,1,"SSRF-JS",1.37615911444862,0.857600846136478,0.0685137601812788,0.874523396414685,67.092,4.78294321677064,0.110250640196824
"substitution","dgp1",600,10,50,20,1,"SSRF",1.37318532558823,0.855294634453619,0.062377086096583,0.874523396414685,67.092,4.78294321677064,0.110250640196824
"substitution","dgp1",600,10,100,20,1,"RF",1.37993530781334,0.859376770097435,0.0695837786174965,0.874523396414685,67.092,4.78294321677064,0.110250640196824
"substitution","dgp1",600,10,100,20,1,"SSRF-JS",1.37142552378768,0.855450123453157,0.0604205709758238,0.874523396414685,67.092,4.78294321677064,0.110250640196824
"substitution","dgp1",600,10,100,20,1,"SSRF",1.36797775255797,0.853865234949224,0.0556648945526338,0.874523396414685,67.092,4.78294321677064,0.110250640196824
"substitution","dgp1",600,10,250,20,1,"RF",1.37187136952965,0.856139328099507,0.0627013092880789,0.874523396414685,67.092,4.78294321677064,0.110250640196824
"substitution","dgp1",600,10,250,20,1,"SSRF-JS",1.36470886880131,0.852342331549792,0.0546888291058938,0.874523396414685,67.092,4.78294321677064,0.110250640196824
"substitution","dgp1",600,10,250,20,1,"SSRF",1.36293360222077,0.851292431424844,0.0511142009651657,0.874523396414685,67.092,4.78294321677064,0.110250640196824
"substitution","dgp1",600,10,500,20,1,"RF",1.37073898243152,0.854893326682359,0.0611180860867995,0.874523396414685,67.092,4.78294321677064,0.110250640196824
"substitution","dgp1",600,10,500,20,1,"SSRF-JS",1.36365624999204,0.851570351663088,0.053275357867246,0.874523396414685,67.092,4.78294321677064,0.110250640196824
"substitution","dgp1",600,10,500,20,1,"SSRF",1.36204990899407,0.850590958161272,0.0497371299762235,0.874523396414685,67.092,4.78294321677064,0.110250640196824
"substitution","dgp1",600,10,1,20,2,"RF",2.00287932383547,1.08093794266531,0.867053079550278,0.876638142695026,66.056,4.86591651143289,0.145546797071234
"substitution","dgp1",600,10,1,20,2,"SSRF-JS",1.83398762598256,1.03144507944075,0.707577360343547,0.876638142695026,66.056,4.86591651143289,0.145546797071234
"substitution","dgp1",600,10,1,20,2,"SSRF",1.71838437680435,1.0077345011854,0.59621937419117,0.876638142695026,66.056,4.86591651143289,0.145546797071234
"substitution","dgp1",600,10,3,20,2,"RF",1.36811270330107,0.889157556267187,0.292642050058775,0.876638142695026,66.056,4.86591651143289,0.145546797071234
"substitution","dgp1",600,10,3,20,2,"SSRF-JS",1.31277191869807,0.868822484047331,0.241021825395424,0.876638142695026,66.056,4.86591651143289,0.145546797071234
"substitution","dgp1",600,10,3,20,2,"SSRF",1.27811992515543,0.856304038432232,0.208782378363278,0.876638142695026,66.056,4.86591651143289,0.145546797071234
"substitution","dgp1",600,10,5,20,2,"RF",1.25675383656078,0.8457132309831,0.193942665902277,0.876638142695026,66.056,4.86591651143289,0.145546797071234
"substitution","dgp1",600,10,5,20,2,"SSRF-JS",1.22193952563616,0.831776560620262,0.161140808474466,0.876638142695026,66.056,4.86591651143289,0.145546797071234
"substitution","dgp1",600,10,5,20,2,"SSRF",1.19968694221331,0.823634808806866,0.141117633172409,0.876638142695026,66.056,4.86591651143289,0.145546797071234
"substitution","dgp1",600,10,10,20,2,"RF",1.20873024272918,0.822315566983255,0.146373398784296,0.876638142695026,66.056,4.86591651143289,0.145546797071234
"substitution","dgp1",600,10,10,20,2,"SSRF-JS",1.18308033220136,0.810030828140261,0.122568757234403,0.876638142695026,66.056,4.86591651143289,0.145546797071234
"substitution","dgp1",600,10,10,20,2,"SSRF",1.16612484399124,0.803631910511213,0.10724025739304,0.876638142695026,66.056,4.86591651143289,0.145546797071234
"substitution","dgp1",600,10,25,20,2,"RF",1.15589706286674,0.799964508068334,0.09948532305071,0.876638142695026,66.056,4.86591651143289,0.145546797071234
"substitution","dgp1",600,10,25,20,2,"SSRF-JS",1.14237864900431,0.792940871098714,0.0869139013686375,0.876638142695026,66.056,4.86591651143289,0.145546797071234
"substitution","dgp1",600,10,25,20,2,"SSRF",1.13474261221375,0.789783244847676,0.0795549402389858,0.876638142695026,66.056,4.86591651143289,0.145546797071234
"substitution","dgp1",600,10,50,20,2,"RF",1.15172510567396,0.797676363049891,0.0904282456311833,0.876638142695026,66.056,4.86591651143289,0.145546797071234
"substitution","dgp1",600,10,50,20,2,"SSRF-JS",1.13760421338502,0.791275859869418,0.0779686980505224,0.876638142695026,66.056,4.86591651143289,0.145546797071234
"substitution","dgp1",600,10,50,20,2,"SSRF",1.13195337245162,0.789267090648776,0.0715476559836861,0.876638142695026,66.056,4.86591651143289,0.145546797071234
"substitution","dgp1",600,10,100,20,2,"RF",1.14563502128455,0.794956291721456,0.083152858822925,0.876638142695026,66.056,4.86591651143289,0.145546797071234
"substitution","dgp1",600,10,100,20,2,"SSRF-JS",1.13313598639714,0.788958937885131,0.0723222092856471,0.876638142695026,66.056,4.86591651143289,0.145546797071234
"substitution","dgp1",600,10,100,20,2,"SSRF",1.12820197016865,0.787138771066501,0.0677320197105099,0.876638142695026,66.056,4.86591651143289,0.145546797071234
"substitution","dgp1",600,10,250,20,2,"RF",1.14086808747948,0.793188143116275,0.0742623647497557,0.876638142695026,66.056,4.86591651143289,0.145546797071234
"substitution","dgp1",600,10,250,20,2,"SSRF-JS",1.12869222887412,0.787527588163897,0.0641480445308822,0.876638142695026,66.056,4.86591651143289,0.145546797071234
"substitution","dgp1",600,10,250,20,2,"SSRF",1.12400156082721,0.785910238876376,0.0604726860185692,0.876638142695026,66.056,4.86591651143289,0.145546797071234
"substitution","dgp1",600,10,500,20,2,"RF",1.13736873666785,0.792507335746152,0.0733618757670497,0.876638142695026,66.056,4.86591651143289,0.145546797071234
"substitution","dgp1",600,10,500,20,2,"SSRF-JS",1.12569147755304,0.786656463059276,0.0634933258018499,0.876638142695026,66.056,4.86591651143289,0.145546797071234
"substitution","dgp1",600,10,500,20,2,"SSRF",1.12135141464169,0.7851791013596,0.0599841325565616,0.876638142695026,66.056,4.86591651143289,0.145546797071234
"substitution","dgp2",600,10,1,2,1,"RF",1.37932166225763,0.8293903705624,0.71951589333209,0.87475541442644,338.202,1.1208212843212,0.149733255768359
"substitution","dgp2",600,10,1,2,1,"SSRF-JS",1.35139225952506,0.821868512119348,0.690717266554617,0.87475541442644,338.202,1.1208212843212,0.149733255768359
"substitution","dgp2",600,10,1,2,1,"SSRF",1.34949912006578,0.821651806421844,0.688762390511854,0.87475541442644,338.202,1.1208212843212,0.149733255768359
"substitution","dgp2",600,10,3,2,1,"RF",0.899842999124117,0.68748011697216,0.225024215885627,0.87475541442644,338.202,1.1208212843212,0.149733255768359
"substitution","dgp2",600,10,3,2,1,"SSRF-JS",0.879404585870654,0.678028753049335,0.20348255049708,0.87475541442644,338.202,1.1208212843212,0.149733255768359
"substitution","dgp2",600,10,3,2,1,"SSRF",0.878062284509128,0.677570142928344,0.202002495492294,0.87475541442644,338.202,1.1208212843212,0.149733255768359
"substitution","dgp2",600,10,5,2,1,"RF",0.844877872300703,0.665710961848399,0.155733690216283,0.87475541442644,338.202,1.1208212843212,0.149733255768359
"substitution","dgp2",600,10,5,2,1,"SSRF-JS",0.821747582912597,0.654632312862058,0.132154554697083,0.87475541442644,338.202,1.1208212843212,0.149733255768359
"substitution","dgp2",600,10,5,2,1,"SSRF",0.820392714173091,0.653939743958443,0.130954644707344,0.87475541442644,338.202,1.1208212843212,0.149733255768359
"substitution","dgp2",600,10,10,2,1,"RF",0.780786696091815,0.640002705430166,0.104386179695426,0.87475541442644,338.202,1.1208212843212,0.149733255768359
"substitution","dgp2",600,10,10,2,1,"SSRF-JS",0.76857430376596,0.632041506982321,0.0901768851958802,0.87475541442644,338.202,1.1208212843212,0.149733255768359
"substitution","dgp2",600,10,10,2,1,"SSRF",0.76786222405391,0.631633780273858,0.089541505414539,0.87475541442644,338.202,1.1208212843212,0.149733255768359
"substitution","dgp2",600,10,25,2,1,"RF",0.734239133926762,0.613146199504686,0.0683220396819858,0.87475541442644,338.202,1.1208212843212,0.149733255768359
"substitution","dgp2",600,10,25,2,1,"SSRF-JS",0.72853953988115,0.60782517326917,0.056791096021716,0.87475541442644,338.202,1.1208212843212,0.149733255768359
"substitution","dgp2",600,10,25,2,1,"SSRF",0.728183675855792,0.60762486886436,0.0564216961939746,0.87475541442644,338.202,1.1208212843212,0.149733255768359
"substitution","dgp2",600,10,50,2,1,"RF",0.716606969542668,0.603471422223966,0.054776343681199,0.87475541442644,338.202,1.1208212843212,0.149733255768359
"substitution","dgp2",600,10,50,2,1,"SSRF-JS",0.713727724182356,0.599980752151357,0.0463220434379052,0.87475541442644,338.202,1.1208212843212,0.149733255768359
"substitution","dgp2",600,10,50,2,1,"SSRF",0.713543724519227,0.599836092319822,0.0461475840932948,0.87475541442644,338.202,1.1208212843212,0.149733255768359
"substitution","dgp2",600,10,100,2,1,"RF",0.710654211301013,0.600850160290657,0.0478509328589036,0.87475541442644,338.202,1.1208212843212,0.149733255768359
"substitution","dgp2",600,10,100,2,1,"SSRF-JS",0.708562964854809,0.597662614809614,0.0402134512426585,0.87475541442644,338.202,1.1208212843212,0.149733255768359
"substitution","dgp2",600,10,100,2,1,"SSRF",0.70841038644759,0.597489604361328,0.0400212967476726,0.87475541442644,338.202,1.1208212843212,0.149733255768359
"substitution","dgp2",600,10,250,2,1,"RF",0.703357263752495,0.596972913540606,0.0422325072369247,0.87475541442644,338.202,1.1208212843212,0.149733255768359
"substitution","dgp2",600,10,250,2,1,"SSRF-JS",0.702564701773171,0.594869660634532,0.0358469129512505,0.87475541442644,338.202,1.1208212843212,0.149733255768359
"substitution","dgp2",600,10,250,2,1,"SSRF",0.702427430996315,0.594736311208828,0.0357370964230175,0.87475541442644,338.202,1.1208212843212,0.149733255768359
"substitution","dgp2",600,10,500,2,1,"RF",0.701159229291679,0.596069869372291,0.040177414365567,0.87475541442644,338.202,1.1208212843212,0.149733255768359
"substitution","dgp2",600,10,500,2,1,"SSRF-JS",0.700786793539898,0.594242612899116,0.0342111905034499,0.87475541442644,338.202,1.1208212843212,0.149733255768359
"substitution","dgp2",600,10,500,2,1,"SSRF",0.700767015401099,0.594169312919999,0.0341081475900279,0.87475541442644,338.202,1.1208212843212,0.149733255768359
"substitution","dgp2",600,10,1,2,2,"RF",1.28714832336027,0.850143067379003,0.567800013338774,0.853717873022237,339.412,1.11960095694908,0.166754869956895
"substitution","dgp2",600,10,1,2,2,"SSRF-JS",1.2195464249568,0.825005266088871,0.501710577655082,0.853717873022237,339.412,1.11960095694908,0.166754869956895
"substitution","dgp2",600,10,1,2,2,"SSRF",1.21734779641434,0.824465351555195,0.499202633532536,0.853717873022237,339.412,1.11960095694908,0.166754869956895
"substitution","dgp2",600,10,3,2,2,"RF",0.977755453508331,0.732779471180047,0.268477193382573,0.853717873022237,339.412,1.11960095694908,0.166754869956895
"substitution","dgp2",600,10,3,2,2,"SSRF-JS",0.871844757336317,0.683168275352605,0.170229677480079,0.853717873022237,339.412,1.11960095694908,0.166754869956895
"substitution","dgp2",600,10,3,2,2,"SSRF",0.871810497853135,0.683552479666506,0.170104299375347,0.853717873022237,339.412,1.11960095694908,0.166754869956895
"substitution","dgp2",600,10,5,2,2,"RF",0.892475030619028,0.687105744104256,0.174974954191511,0.853717873022237,339.412,1.11960095694908,0.166754869956895
"substitution","dgp2",600,10,5,2,2,"SSRF-JS",0.841919963628381,0.662808988316003,0.129942479433257,0.853717873022237,339.412,1.11960095694908,0.166754869956895
"substitution","dgp2",600,10,5,2,2,"SSRF",0.841642248811785,0.663065007755582,0.129409050098169,0.853717873022237,339.412,1.11960095694908,0.166754869956895
"substitution","dgp2",600,10,10,2,2,"RF",0.807915112676984,0.646850170879288,0.0974956690308782,0.853717873022237,339.412,1.11960095694908,0.166754869956895
"substitution","dgp2",600,10,10,2,2,"SSRF-JS",0.788019261742358,0.637503735715506,0.0810771316127876,0.853717873022237,339.412,1.11960095694908,0.166754869956895
"substitution","dgp2",600,10,10,2,2,"SSRF",0.787970769378218,0.637716433034792,0.0807646627863536,0.853717873022237,339.412,1.11960095694908,0.166754869956895
"substitution","dgp2",600,10,25,2,2,"RF",0.772162319111089,0.626156715427787,0.0566068631387019,0.853717873022237,339.412,1.11960095694908,0.166754869956895
"substitution","dgp2",600,10,25,2,2,"SSRF-JS",0.761636204762264,0.621294836888501,0.0498415507443611,0.853717873022237,339.412,1.11960095694908,0.166754869956895
"substitution","dgp2",600,10,25,2,2,"SSRF",0.762078830769756,0.621502001873127,0.0498690676713637,0.853717873022237,339.412,1.11960095694908,0.166754869956895
"substitution","dgp2",600,10,50,2,2,"RF",0.759772097509224,0.620086320962024,0.0485168480787014,0.853717873022237,339.412,1.11960095694908,0.166754869956895
"substitution","dgp2",600,10,50,2,2,"SSRF-JS",0.751761366586807,0.616400441112088,0.0436202465157146,0.853717873022237,339.412,1.11960095694908,0.166754869956895
"substitution","dgp2",600,10,50,2,2,"SSRF",0.752010934033642,0.616509208197276,0.043676132935092,0.853717873022237,339.412,1.11960095694908,0.166754869956895
"substitution","dgp2",600,10,100,2,2,"RF",0.753116464022406,0.615805527999289,0.042913679773683,0.853717873022237,339.412,1.11960095694908,0.166754869956895
"substitution","dgp2",600,10,100,2,2,"SSRF-JS",0.746799039719382,0.613897466356655,0.0389302544952147,0.853717873022237,339.412,1.11960095694908,0.166754869956895
"substitution","dgp2",600,10,100,2,2,"SSRF",0.7469188493518,0.613964142579449,0.03895664452437,0.853717873022237,339.412,1.11960095694908,0.166754869956895
"substitution","dgp2",600,10,250,2,2,"RF",0.744425132377972,0.609345053339591,0.0367031025018741,0.853717873022237,339.412,1.11960095694908,0.166754869956895
"substitution","dgp2",600,10,250,2,2,"SSRF-JS",0.739818971929199,0.608472470746657,0.0343464973417743,0.853717873022237,339.412,1.11960095694908,0.166754869956895
"substitution","dgp2",600,10,250,2,2,"SSRF",0.739871699207533,0.608487167896443,0.0343344033749803,0.853717873022237,339.412,1.11960095694908,0.166754869956895
"substitution","dgp2",600,10,500,2,2,"RF",0.741031111663591,0.608142251422795,0.0352145518016998,0.853717873022237,339.412,1.11960095694908,0.166754869956895
"substitution","dgp2",600,10,500,2,2,"SSRF-JS",0.737597044665055,0.607591958688336,0.0334094846968084,0.853717873022237,339.412,1.11960095694908,0.166754869956895
"substitution","dgp2",600,10,500,2,2,"SSRF",0.737663422673377,0.607649230337441,0.0334074585887018,0.853717873022237,339.412,1.11960095694908,0.166754869956895
"substitution","dgp2",600,10,1,5,1,"RF",1.82672162762189,0.897512219448916,1.17353406680038,0.83021620613899,204.394,1.73438210166501,0.113938952955482
"substitution","dgp2",600,10,1,5,1,"SSRF-JS",1.64451044803881,0.85868744124212,0.990262964292724,0.83021620613899,204.394,1.73438210166501,0.113938952955482
"substitution","dgp2",600,10,1,5,1,"SSRF",1.57594151227555,0.851447503104408,0.922078926593323,0.83021620613899,204.394,1.73438210166501,0.113938952955482
"substitution","dgp2",600,10,3,5,1,"RF",0.95944597263242,0.693972580165025,0.286886141593101,0.83021620613899,204.394,1.73438210166501,0.113938952955482
"substitution","dgp2",600,10,3,5,1,"SSRF-JS",0.912757924014323,0.676506725918035,0.240915835117018,0.83021620613899,204.394,1.73438210166501,0.113938952955482
"substitution","dgp2",600,10,3,5,1,"SSRF",0.898144665966066,0.672353392925098,0.227302661461489,0.83021620613899,204.394,1.73438210166501,0.113938952955482
"substitution","dgp2",600,10,5,5,1,"RF",0.858333468444325,0.658141155490871,0.184738097842607,0.83021620613899,204.394,1.73438210166501,0.113938952955482
"substitution","dgp2",600,10,5,5,1,"SSRF-JS",0.80834454967604,0.635700916473749,0.135947596237281,0.83021620613899,204.394,1.73438210166501,0.113938952955482
"substitution","dgp2",600,10,5,5,1,"SSRF",0.799371112686591,0.632271815556903,0.127465866838749,0.83021620613899,204.394,1.73438210166501,0.113938952955482
"substitution","dgp2",600,10,10,5,1,"RF",0.783807315003552,0.6316004857127,0.129150811992509,0.83021620613899,204.394,1.73438210166501,0.113938952955482
"substitution","dgp2",600,10,10,5,1,"SSRF-JS",0.761044348163037,0.620717412929094,0.104427815912228,0.83021620613899,204.394,1.73438210166501,0.113938952955482
"substitution","dgp2",600,10,10,5,1,"SSRF",0.756425438650707,0.618281722405702,0.0992623616638704,0.83021620613899,204.394,1.73438210166501,0.113938952955482
"substitution","dgp2",600,10,25,5,1,"RF",0.733979374872277,0.602359391837674,0.078785519457078,0.83021620613899,204.394,1.73438210166501,0.113938952955482
"substitution","dgp2",600,10,25,5,1,"SSRF-JS",0.721959949685238,0.596941875391167,0.0652652849199268,0.83021620613899,204.394,1.73438210166501,0.113938952955482
"substitution","dgp2",600,10,25,5,1,"SSRF",0.719480493611416,0.595712082259727,0.0620952912071478,0.83021620613899,204.394,1.73438210166501,0.113938952955482
"substitution","dgp2",600,10,50,5,1,"RF",0.720484324107682,0.593804935871734,0.061289148059728,0.83021620613899,204.394,1.73438210166501,0.113938952955482
"substitution","dgp2",600,10,50,5,1,"SSRF-JS",0.712004687549401,0.590231584596802,0.0514586350849706,0.83021620613899,204.394,1.73438210166501,0.113938952955482
"substitution","dgp2",600,10,50,5,1,"SSRF",0.709790496957573,0.589104728344661,0.0486674404934854,0.83021620613899,204.394,1.73438210166501,0.113938952955482
"substitution","dgp2",600,10,100,5,1,"RF",0.715949389642757,0.591079576590002,0.0533951115834204,0.83021620613899,204.394,1.73438210166501,0.113938952955482
"substitution","dgp2",600,10,100,5,1,"SSRF-JS",0.710832707243933,0.589503236021398,0.0470867645048908,0.83021620613899,204.394,1.73438210166501,0.113938952955482
"substitution","dgp2",600,10,100,5,1,"SSRF",0.70900071537602,0.588662019412404,0.0449898360713301,0.83021620613899,204.394,1.73438210166501,0.113938952955482
"substitution","dgp2",600,10,250,5,1,"RF",0.715329689392266,0.591075144406495,0.0520743726914176,0.83021620613899,204.394,1.73438210166501,0.113938952955482
"substitution","dgp2",600,10,250,5,1,"SSRF-JS",0.709537669751445,0.589162473928768,0.0456840259635042,0.83021620613899,204.394,1.73438210166501,0.113938952955482
"substitution","dgp2",600,10,250,5,1,"SSRF",0.70756745688968,0.588300717952206,0.043680116845422,0.83021620613899,204.394,1.73438210166501,0.113938952955482
"substitution","dgp2",600,10,500,5,1,"RF",0.714577210944842,0.590609472633812,0.04988919815757,0.83021620613899,204.394,1.73438210166501,0.113938952955482
"substitution","dgp2",600,10,500,5,1,"SSRF-JS",0.708353887433943,0.588744924314003,0.0435344689676068,0.83021620613899,204.394,1.73438210166501,0.113938952955482
"substitution","dgp2",600,10,500,5,1,"SSRF",0.706489776434862,0.587853273382826,0.0416082049548283,0.83021620613899,204.394,1.73438210166501,0.113938952955482
"substitution","dgp2",600,10,1,5,2,"RF",1.19319071723751,0.84650961002321,0.533042898795024,0.891866825529478,204.408,1.73650306133161,0.161837927191047
"substitution","dgp2",600,10,1,5,2,"SSRF-JS",1.08156559020561,0.80006701496621,0.424190523730659,0.891866825529478,204.408,1.73650306133161,0.161837927191047
"substitution","dgp2",600,10,1,5,2,"SSRF",1.08233133487137,0.80026382959349,0.424124330018726,0.891866825529478,204.408,1.73650306133161,0.161837927191047
"substitution","dgp2",600,10,3,5,2,"RF",0.921678015973232,0.719023966570178,0.238806797341667,0.891866825529478,204.408,1.73650306133161,0.161837927191047
"substitution","dgp2",600,10,3,5,2,"SSRF-JS",0.868055947798482,0.691749377653347,0.191169953841255,0.891866825529478,204.408,1.73650306133161,0.161837927191047
"substitution","dgp2",600,10,3,5,2,"SSRF",0.863778826847042,0.689580957539403,0.186091289507533,0.891866825529478,204.408,1.73650306133161,0.161837927191047
"substitution","dgp2",600,10,5,5,2,"RF",0.844077115104431,0.677544158785435,0.162708666011846,0.891866825529478,204.408,1.73650306133161,0.161837927191047
"substitution","dgp2",600,10,5,5,2,"SSRF-JS",0.808662235690498,0.660057357377362,0.132975261359417,0.891866825529478,204.408,1.73650306133161,0.161837927191047
"substitution","dgp2",600,10,5,5,2,"SSRF",0.805594604161522,0.65878494600922,0.129796221285681,0.891866825529478,204.408,1.73650306133161,0.161837927191047
"substitution","dgp2",600,10,10,5,2,"RF",0.784286630116773,0.645512199543116,0.1052403445637,0.891866825529478,204.408,1.73650306133161,0.161837927191047
"substitution","dgp2",600,10,10,5,2,"SSRF-JS",0.7650640024801,0.636012125943355,0.0910653739848425,0.891866825529478,204.408,1.73650306133161,0.161837927191047
"substitution","dgp2",600,10,10,5,2,"SSRF",0.762756855634593,0.634926164513616,0.0889008005717817,0.891866825529478,204.408,1.73650306133161,0.161837927191047
"substitution","dgp2",600,10,25,5,2,"RF",0.733874046125569,0.616322130499517,0.0709951324478389,0.891866825529478,204.408,1.73650306133161,0.161837927191047
"substitution","dgp2",600,10,25,5,2,"SSRF-JS",0.724101560045479,0.611681993072956,0.0644238752955458,0.891866825529478,204.408,1.73650306133161,0.161837927191047
"substitution","dgp2",600,10,25,5,2,"SSRF",0.72273484149195,0.611214121677089,0.0635506142390152,0.891866825529478,204.408,1.73650306133161,0.161837927191047
"substitution","dgp2",600,10,50,5,2,"RF",0.723379031579836,0.608990262186412,0.061749976021191,0.891866825529478,204.408,1.73650306133161,0.161837927191047
"substitution","dgp2",600,10,50,5,2,"SSRF-JS",0.716462949626097,0.606255687634067,0.0579318566407621,0.891866825529478,204.408,1.73650306133161,0.161837927191047
"substitution","dgp2",600,10,50,5,2,"SSRF",0.71525743163099,0.605862556141996,0.0572829268679184,0.891866825529478,204.408,1.73650306133161,0.161837927191047
"substitution","dgp2",600,10,100,5,2,"RF",0.708380512022568,0.601680238708455,0.0524952158066954,0.891866825529478,204.408,1.73650306133161,0.161837927191047
"substitution","dgp2",600,10,100,5,2,"SSRF-JS",0.703965209596808,0.599524521944881,0.0502468164806,0.891866825529478,204.408,1.73650306133161,0.161837927191047
"substitution","dgp2",600,10,100,5,2,"SSRF",0.703273838536134,0.599375811293964,0.049874416819666,0.891866825529478,204.408,1.73650306133161,0.161837927191047
"substitution","dgp2",600,10,250,5,2,"RF",0.703497316574512,0.599909363885433,0.0487725750015509,0.891866825529478,204.408,1.73650306133161,0.161837927191047
"substitution","dgp2",600,10,250,5,2,"SSRF-JS",0.699967973358118,0.598419715176184,0.0472711732331261,0.891866825529478,204.408,1.73650306133161,0.161837927191047
"substitution","dgp2",600,10,250,5,2,"SSRF",0.699345284860783,0.598125090145799,0.0468796836012644,0.891866825529478,204.408,1.73650306133161,0.161837927191047
"substitution","dgp2",600,10,500,5,2,"RF",0.700640656252196,0.599275953307605,0.0468691897193733,0.891866825529478,204.408,1.73650306133161,0.161837927191047
"substitution","dgp2",600,10,500,5,2,"SSRF-JS",0.697452503867356,0.5977947941608,0.0456050090307742,0.891866825529478,204.408,1.73650306133161,0.161837927191047
"substitution","dgp2",600,10,500,5,2,"SSRF",0.696967439516137,0.597556616219949,0.0452826862129748,0.891866825529478,204.408,1.73650306133161,0.161837927191047
"substitution","dgp2",600,10,1,20,1,"RF",1.14289772148334,0.803426751092843,0.501170802257674,0.870103128201884,66.372,4.82556031904249,0.155708308480003
"substitution","dgp2",600,10,1,20,1,"SSRF-JS",1.04207159304264,0.764554180750434,0.396325484054489,0.870103128201884,66.372,4.82556031904249,0.155708308480003
"substitution","dgp2",600,10,1,20,1,"SSRF",0.965144806508967,0.736900860791348,0.304991741108121,0.870103128201884,66.372,4.82556031904249,0.155708308480003
"substitution","dgp2",600,10,3,20,1,"RF",0.845491479174831,0.672245629131163,0.185589228778378,0.870103128201884,66.372,4.82556031904249,0.155708308480003
"substitution","dgp2",600,10,3,20,1,"SSRF-JS",0.812240823061092,0.65507290372488,0.150473152636821,0.870103128201884,66.372,4.82556031904249,0.155708308480003
"substitution","dgp2",600,10,3,20,1,"SSRF",0.788127118157117,0.641461197564049,0.121873081497734,0.870103128201884,66.372,4.82556031904249,0.155708308480003
"substitution","dgp2",600,10,5,20,1,"RF",0.772031312847028,0.634322933308873,0.109539532677145,0.870103128201884,66.372,4.82556031904249,0.155708308480003
"substitution","dgp2",600,10,5,20,1,"SSRF-JS",0.754250985804457,0.624151932515648,0.0901689729317397,0.870103128201884,66.372,4.82556031904249,0.155708308480003
"substitution","dgp2",600,10,5,20,1,"SSRF",0.744854698278535,0.617407357651749,0.0779841459525404,0.870103128201884,66.372,4.82556031904249,0.155708308480003
"substitution","dgp2",600,10,10,20,1,"RF",0.737318959336605,0.614720920279268,0.073844144668897,0.870103128201884,66.372,4.82556031904249,0.155708308480003
"substitution","dgp2",600,10,10,20,1,"SSRF-JS",0.725904417819643,0.607414334176591,0.0609542875741304,0.870103128201884,66.372,4.82556031904249,0.155708308480003
"substitution","dgp2",600,10,10,20,1,"SSRF",0.720168305918358,0.603427070179307,0.0534917079364765,0.870103128201884,66.372,4.82556031904249,0.155708308480003
"substitution","dgp2",600,10,25,20,1,"RF",0.716718474119659,0.598962491985233,0.0440318104572822,0.870103128201884,66.372,4.82556031904249,0.155708308480003
"substitution","dgp2",600,10,25,20,1,"SSRF-JS",0.7130755681297,0.596612013617585,0.0401201135304802,0.870103128201884,66.372,4.82556031904249,0.155708308480003
"substitution","dgp2",600,10,25,20,1,"SSRF",0.709848575280156,0.594375421681294,0.0360354486901951,0.870103128201884,66.372,4.82556031904249,0.155708308480003
"substitution","dgp2",600,10,50,20,1,"RF",0.707792271260749,0.594373800150506,0.0372739798402815,0.870103128201884,66.372,4.82556031904249,0.155708308480003
"substitution","dgp2",600,10,50,20,1,"SSRF-JS",0.705971048951026,0.593188992447396,0.0348139063795472,0.870103128201884,66.372,4.82556031904249,0.155708308480003
"substitution","dgp2",600,10,50,20,1,"SSRF",0.704493490140844,0.591640881987551,0.0317419861070146,0.870103128201884,66.372,4.82556031904249,0.155708308480003
"substitution","dgp2",600,10,100,20,1,"RF",0.701002818122347,0.588504780875992,0.0316456358968014,0.870103128201884,66.372,4.82556031904249,0.155708308480003
"substitution","dgp2",600,10,100,20,1,"SSRF-JS",0.700744637098128,0.588326209606013,0.0306454188234133,0.870103128201884,66.372,4.82556031904249,0.155708308480003
"substitution","dgp2",600,10,100,20,1,"SSRF",0.699554352547043,0.587521283373505,0.0278068165627254,0.870103128201884,66.372,4.82556031904249,0.155708308480003
"substitution","dgp2",600,10,250,20,1,"RF",0.702136125888081,0.590450967311785,0.0293734631703594,0.870103128201884,66.372,4.82556031904249,0.155708308480003
"substitution","dgp2",600,10,250,20,1,"SSRF-JS",0.702029864729324,0.590216310000063,0.028987737696219,0.870103128201884,66.372,4.82556031904249,0.155708308480003
"substitution","dgp2",600,10,250,20,1,"SSRF",0.700756631534653,0.589211279453521,0.0266856613741976,0.870103128201884,66.372,4.82556031904249,0.155708308480003
"substitution","dgp2",600,10,500,20,1,"RF",0.70252002885806,0.590501009909152,0.0288796898858442,0.870103128201884,66.372,4.82556031904249,0.155708308480003
"substitution","dgp2",600,10,500,20,1,"SSRF-JS",0.702477360301925,0.590402158358843,0.0286858277608738,0.870103128201884,66.372,4.82556031904249,0.155708308480003
"substitution","dgp2",600,10,500,20,1,"SSRF",0.701008497801582,0.589095136914459,0.0262178454740479,0.870103128201884,66.372,4.82556031904249,0.155708308480003
"substitution","dgp2",600,10,1,20,2,"RF",1.47656352474475,0.857473137923927,0.731446483244061,0.876139642303549,65.676,4.87913070849593,0.13247086713405
"substitution","dgp2",600,10,1,20,2,"SSRF-JS",1.32392913402495,0.810646681088815,0.575363127912189,0.876139642303549,65.676,4.87913070849593,0.13247086713405
"substitution","dgp2",600,10,1,20,2,"SSRF",1.16417994134018,0.77144771150425,0.421196116162132,0.876139642303549,65.676,4.87913070849593,0.13247086713405
"substitution","dgp2",600,10,3,20,2,"RF",0.972921955135705,0.700441571537347,0.211629890170448,0.876139642303549,65.676,4.87913070849593,0.13247086713405
"substitution","dgp2",600,10,3,20,2,"SSRF-JS",0.927797034804454,0.67775821747386,0.164017899051903,0.876139642303549,65.676,4.87913070849593,0.13247086713405
"substitution","dgp2",600,10,3,20,2,"SSRF",0.899227219890871,0.664871712839323,0.134088511357529,0.876139642303549,65.676,4.87913070849593,0.13247086713405
"substitution","dgp2",600,10,5,20,2,"RF",0.898780220221348,0.664500553880677,0.147901852243566,0.876139642303549,65.676,4.87913070849593,0.13247086713405
"substitution","dgp2",600,10,5,20,2,"SSRF-JS",0.869490238704895,0.648719964845959,0.114686930936598,0.876139642303549,65.676,4.87913070849593,0.13247086713405
"substitution","dgp2",600,10,5,20,2,"SSRF",0.850600315739725,0.639481264807873,0.0960272603368857,0.876139642303549,65.676,4.87913070849593,0.13247086713405
"substitution","dgp2",600,10,10,20,2,"RF",0.862259825412352,0.646872755966582,0.109058128593932,0.876139642303549,65.676,4.87913070849593,0.13247086713405
"substitution","dgp2",600,10,10,20,2,"SSRF-JS",0.843641499693315,0.636138795813649,0.0872754442796409,0.876139642303549,65.676,4.87913070849593,0.13247086713405
"substitution","dgp2",600,10,10,20,2,"SSRF",0.832972915602909,0.630197476702731,0.0765249687097914,0.876139642303549,65.676,4.87913070849593,0.13247086713405
"substitution","dgp2",600,10,25,20,2,"RF",0.823045572647434,0.625294460301616,0.0670073923748939,0.876139642303549,65.676,4.87913070849593,0.13247086713405
"substitution","dgp2",600,10,25,20,2,"SSRF-JS",0.814138726685438,0.619087576899012,0.0557131071345982,0.876139642303549,65.676,4.87913070849593,0.13247086713405
"substitution","dgp2",600,10,25,20,2,"SSRF",0.807386370670476,0.615672432593676,0.0510617104402817,0.876139642303549,65.676,4.87913070849593,0.13247086713405
"substitution","dgp2",600,10,50,20,2,"RF",0.817838439594528,0.620398797066668,0.0574981903233224,0.876139642303549,65.676,4.87913070849593,0.13247086713405
"substitution","dgp2",600,10,50,20,2,"SSRF-JS",0.811085891031071,0.615382836797793,0.0488915430012909,0.876139642303549,65.676,4.87913070849593,0.13247086713405
"substitution","dgp2",600,10,50,20,2,"SSRF",0.805749169146945,0.612362423018225,0.045244711562954,0.876139642303549,65.676,4.87913070849593,0.13247086713405
"substitution","dgp2",600,10,100,20,2,"RF",0.810195254659294,0.616559994493322,0.0514593251766078,0.876139642303549,65.676,4.87913070849593,0.13247086713405
"substitution","dgp2",600,10,100,20,2,"SSRF-JS",0.805255927289361,0.612190302089481,0.0444832794297279,0.876139642303549,65.676,4.87913070849593,0.13247086713405
"substitution","dgp2",600,10,100,20,2,"SSRF",0.800113723605957,0.609254393192787,0.0408717758383013,0.876139642303549,65.676,4.87913070849593,0.13247086713405
"substitution","dgp2",600,10,250,20,2,"RF",0.809852756889044,0.615597542499953,0.0509172416132544,0.876139642303549,65.676,4.87913070849593,0.13247086713405
"substitution","dgp2",600,10,250,20,2,"SSRF-JS",0.805274575996246,0.611329600725641,0.0444167330638076,0.876139642303549,65.676,4.87913070849593,0.13247086713405
"substitution","dgp2",600,10,250,20,2,"SSRF",0.800202473381487,0.608516831295809,0.040788846429793,0.876139642303549,65.676,4.87913070849593,0.13247086713405
"substitution","dgp2",600,10,500,20,2,"RF",0.809076707432124,0.614716428893718,0.0511559947083111,0.876139642303549,65.676,4.87913070849593,0.13247086713405
"substitution","dgp2",600,10,500,20,2,"SSRF-JS",0.804389998690588,0.610365933770708,0.0444899830750377,0.876139642303549,65.676,4.87913070849593,0.13247086713405
"substitution","dgp2",600,10,500,20,2,"SSRF",0.799432579223952,0.607818609002966,0.0405739627834487,0.876139642303549,65.676,4.87913070849593,0.13247086713405
"substitution","dgp3",600,10,1,2,1,"RF",2.04415945782396,0.97940657982375,1.17801321290648,0.871847910779212,338.87,1.11993389795497,0.204748630151577
"substitution","dgp3",600,10,1,2,1,"SSRF-JS",1.97984665293038,0.9639701260771,1.11267189924918,0.871847910779212,338.87,1.11993389795497,0.204748630151577
"substitution","dgp3",600,10,1,2,1,"SSRF",1.97525706447555,0.963096680864239,1.10805085586717,0.871847910779212,338.87,1.11993389795497,0.204748630151577
"substitution","dgp3",600,10,3,2,1,"RF",1.30058939964093,0.776487480937053,0.383109624164889,0.871847910779212,338.87,1.11993389795497,0.204748630151577
"substitution","dgp3",600,10,3,2,1,"SSRF-JS",1.25765374879779,0.75876567499283,0.342041334931795,0.871847910779212,338.87,1.11993389795497,0.204748630151577
"substitution","dgp3",600,10,3,2,1,"SSRF",1.25497830425273,0.757623310654465,0.339026537114956,0.871847910779212,338.87,1.11993389795497,0.204748630151577
"substitution","dgp3",600,10,5,2,1,"RF",1.17242744693685,0.725728773081456,0.247649683945329,0.871847910779212,338.87,1.11993389795497,0.204748630151577
"substitution","dgp3",600,10,5,2,1,"SSRF-JS",1.14298232292693,0.712884346190052,0.220631052078547,0.871847910779212,338.87,1.11993389795497,0.204748630151577
"substitution","dgp3",600,10,5,2,1,"SSRF",1.14130061303109,0.712052025889799,0.218917222696594,0.871847910779212,338.87,1.11993389795497,0.204748630151577
"substitution","dgp3",600,10,10,2,1,"RF",1.04167348350839,0.66526267740871,0.141162381164402,0.871847910779212,338.87,1.11993389795497,0.204748630151577
"substitution","dgp3",600,10,10,2,1,"SSRF-JS",1.01905398201263,0.652315472810533,0.118077735880253,0.871847910779212,338.87,1.11993389795497,0.204748630151577
"substitution","dgp3",600,10,10,2,1,"SSRF",1.01816813711504,0.651830719295664,0.116867222846709,0.871847910779212,338.87,1.11993389795497,0.204748630151577
"substitution","dgp3",600,10,25,2,1,"RF",1.01526085229079,0.636038743745216,0.0958916884474268,0.871847910779212,338.87,1.11993389795497,0.204748630151577
"substitution","dgp3",600,10,25,2,1,"SSRF-JS",0.998865052331642,0.627377682760563,0.0796064422773331,0.871847910779212,338.87,1.11993389795497,0.204748630151577
"substitution","dgp3",600,10,25,2,1,"SSRF",0.998145960239392,0.626978276409085,0.0788061115859633,0.871847910779212,338.87,1.11993389795497,0.204748630151577
"substitution","dgp3",600,10,50,2,1,"RF",0.992313702611119,0.621451111951094,0.0766774401140689,0.871847910779212,338.87,1.11993389795497,0.204748630151577
"substitution","dgp3",600,10,50,2,1,"SSRF-JS",0.981950606887192,0.616944466363733,0.0671089116329437,0.871847910779212,338.87,1.11993389795497,0.204748630151577
"substitution","dgp3",600,10,50,2,1,"SSRF",0.981381998148494,0.616713513042554,0.0664074205172933,0.871847910779212,338.87,1.11993389795497,0.204748630151577
"substitution","dgp3",600,10,100,2,1,"RF",0.980202140407711,0.61512409982953,0.0645176327257441,0.871847910779212,338.87,1.11993389795497,0.204748630151577
"substitution","dgp3",600,10,100,2,1,"SSRF-JS",0.970732238669712,0.610024313370391,0.0558175011013619,0.871847910779212,338.87,1.11993389795497,0.204748630151577
"substitution","dgp3",600,10,100,2,1,"SSRF",0.970332466798414,0.60989005158654,0.0552746714034224,0.871847910779212,338.87,1.11993389795497,0.204748630151577
"substitution","dgp3",600,10,250,2,1,"RF",0.965527489515005,0.609500834618433,0.0566500435396302,0.871847910779212,338.87,1.11993389795497,0.204748630151577
"substitution","dgp3",600,10,250,2,1,"SSRF-JS",0.957583957391187,0.605618004539391,0.0496416824071517,0.871847910779212,338.87,1.11993389795497,0.204748630151577
"substitution","dgp3",600,10,250,2,1,"SSRF",0.95725676714527,0.605491722081374,0.0491019134000281,0.871847910779212,338.87,1.11993389795497,0.204748630151577
"substitution","dgp3",600,10,500,2,1,"RF",0.963352639694064,0.610063616215041,0.0568134703193026,0.871847910779212,338.87,1.11993389795497,0.204748630151577
"substitution","dgp3",600,10,500,2,1,"SSRF-JS",0.955336278181783,0.605922853187016,0.0495809319884853,0.871847910779212,338.87,1.11993389795497,0.204748630151577
"substitution","dgp3",600,10,500,2,1,"SSRF",0.955028065421638,0.605794764701264,0.0490793439851627,0.871847910779212,338.87,1.11993389795497,0.204748630151577
"substitution","dgp3",600,10,1,2,2,"RF",2.82867369849109,1.06305443393863,1.57333689966872,0.771180540097054,339.108,1.11873503426637,0.129970377702174
"substitution","dgp3",600,10,1,2,2,"SSRF-JS",2.01856636711276,0.889392245609311,0.752105109534296,0.771180540097054,339.108,1.11873503426637,0.129970377702174
"substitution","dgp3",600,10,1,2,2,"SSRF",1.99825406366866,0.88685115337945,0.731061913806182,0.771180540097054,339.108,1.11873503426637,0.129970377702174
"substitution","dgp3",600,10,3,2,2,"RF",1.84676530479068,0.860563656079506,0.546329481411711,0.771180540097054,339.108,1.11873503426637,0.129970377702174
"substitution","dgp3",600,10,3,2,2,"SSRF-JS",1.48252018287985,0.736944918580227,0.200321110660059,0.771180540097054,339.108,1.11873503426637,0.129970377702174
"substitution","dgp3",600,10,3,2,2,"SSRF",1.48070349864637,0.736855399029685,0.198260795665242,0.771180540097054,339.108,1.11873503426637,0.129970377702174
"substitution","dgp3",600,10,5,2,2,"RF",1.66781551192946,0.809411168964267,0.34073832625909,0.771180540097054,339.108,1.11873503426637,0.129970377702174
"substitution","dgp3",600,10,5,2,2,"SSRF-JS",1.48057489034198,0.735355772159878,0.174896364379099,0.771180540097054,339.108,1.11873503426637,0.129970377702174
"substitution","dgp3",600,10,5,2,2,"SSRF",1.47783230420288,0.734000983711836,0.172362467116436,0.771180540097054,339.108,1.11873503426637,0.129970377702174
"substitution","dgp3",600,10,10,2,2,"RF",1.52966766687849,0.754868629769987,0.21098074560352,0.771180540097054,339.108,1.11873503426637,0.129970377702174
"substitution","dgp3",600,10,10,2,2,"SSRF-JS",1.44454036222923,0.715175228814102,0.138441158935579,0.771180540097054,339.108,1.11873503426637,0.129970377702174
"substitution","dgp3",600,10,10,2,2,"SSRF",1.44360441555945,0.714521563494362,0.137128414841953,0.771180540097054,339.108,1.11873503426637,0.129970377702174
"substitution","dgp3",600,10,25,2,2,"RF",1.46125438890972,0.715194254165772,0.142865839805245,0.771180540097054,339.108,1.11873503426637,0.129970377702174
"substitution","dgp3",600,10,25,2,2,"SSRF-JS",1.42117369282404,0.702130746373769,0.11123601210791,0.771180540097054,339.108,1.11873503426637,0.129970377702174
"substitution","dgp3",600,10,25,2,2,"SSRF",1.42061090526135,0.701786181746304,0.110895210981014,0.771180540097054,339.108,1.11873503426637,0.129970377702174
"substitution","dgp3",600,10,50,2,2,"RF",1.40980179625237,0.697483339324331,0.114953795519893,0.771180540097054,339.108,1.11873503426637,0.129970377702174
"substitution","dgp3",600,10,50,2,2,"SSRF-JS",1.39087823296142,0.694811678704343,0.0982089051796244,0.771180540097054,339.108,1.11873503426637,0.129970377702174
"substitution","dgp3",600,10,50,2,2,"SSRF",1.39037696346382,0.694457757849813,0.0977921674324723,0.771180540097054,339.108,1.11873503426637,0.129970377702174
"substitution","dgp3",600,10,100,2,2,"RF",1.38373364389497,0.685049932115949,0.100251210977514,0.771180540097054,339.108,1.11873503426637,0.129970377702174
"substitution","dgp3",600,10,100,2,2,"SSRF-JS",1.37361636783295,0.683595979116899,0.089178412389489,0.771180540097054,339.108,1.11873503426637,0.129970377702174
"substitution","dgp3",600,10,100,2,2,"SSRF",1.37316033009577,0.683333500454906,0.0887453913494601,0.771180540097054,339.108,1.11873503426637,0.129970377702174
"substitution","dgp3",600,10,250,2,2,"RF",1.37705730063861,0.684172160970519,0.094125026120617,0.771180540097054,339.108,1.11873503426637,0.129970377702174
"substitution","dgp3",600,10,250,2,2,"SSRF-JS",1.36746570136553,0.682141996460968,0.0842275419320023,0.771180540097054,339.108,1.11873503426637,0.129970377702174
"substitution","dgp3",600,10,250,2,2,"SSRF",1.36707326964506,0.681997250965871,0.0837990720187149,0.771180540097054,339.108,1.11873503426637,0.129970377702174
"substitution","dgp3",600,10,500,2,2,"RF",1.37436409580011,0.681867086364765,0.089468750419825,0.771180540097054,339.108,1.11873503426637,0.129970377702174
"substitution","dgp3",600,10,500,2,2,"SSRF-JS",1.36519277262962,0.679201636286522,0.0801842542110243,0.771180540097054,339.108,1.11873503426637,0.129970377702174
"substitution","dgp3",600,10,500,2,2,"SSRF",1.3646756882432,0.679027860790925,0.0797996672377731,0.771180540097054,339.108,1.11873503426637,0.129970377702174
"substitution","dgp3",600,10,1,5,1,"RF",2.33328848203512,0.93470940467503,0.602375766565017,0.736382221251083,204.704,1.7339115512678,0.015303821965607
"substitution","dgp3",600,10,1,5,1,"SSRF-JS",2.2062320288352,0.886744704472105,0.470910359437521,0.736382221251083,204.704,1.7339115512678,0.015303821965607
"substitution","dgp3",600,10,1,5,1,"SSRF",2.18150093599687,0.878698744560884,0.441167326716626,0.736382221251083,204.704,1.7339115512678,0.015303821965607
"substitution","dgp3",600,10,3,5,1,"RF",2.38562639696771,0.814025946837665,0.738135146742107,0.736382221251083,204.704,1.7339115512678,0.015303821965607
"substitution","dgp3",600,10,3,5,1,"SSRF-JS",2.34480024485719,0.792775524952034,0.691202512917242,0.736382221251083,204.704,1.7339115512678,0.015303821965607
"substitution","dgp3",600,10,3,5,1,"SSRF",2.33396141738487,0.789269838856026,0.681215994938987,0.736382221251083,204.704,1.7339115512678,0.015303821965607
"substitution","dgp3",600,10,5,5,1,"RF",4.26279709421149,0.907839984856501,2.73070994100051,0.736382221251083,204.704,1.7339115512678,0.015303821965607
"substitution","dgp3",600,10,5,5,1,"SSRF-JS",4.10788689702492,0.896424739550937,2.56761230478454,0.736382221251083,204.704,1.7339115512678,0.015303821965607
"substitution","dgp3",600,10,5,5,1,"SSRF",4.01869598467305,0.892171811056106,2.47648726273268,0.736382221251083,204.704,1.7339115512678,0.015303821965607
"substitution","dgp3",600,10,10,5,1,"RF",2.43669673357427,0.795408837743714,0.799611838152735,0.736382221251083,204.704,1.7339115512678,0.015303821965607
"substitution","dgp3",600,10,10,5,1,"SSRF-JS",2.39273328454936,0.788713067992764,0.738254806324344,0.736382221251083,204.704,1.7339115512678,0.015303821965607
"substitution","dgp3",600,10,10,5,1,"SSRF",2.36789501055628,0.786120362904387,0.712975983245397,0.736382221251083,204.704,1.7339115512678,0.015303821965607
"substitution","dgp3",600,10,25,5,1,"RF",2.42251058238679,0.776835500533452,0.755175269885716,0.736382221251083,204.704,1.7339115512678,0.015303821965607
"substitution","dgp3",600,10,25,5,1,"SSRF-JS",2.34564818907776,0.773850714864137,0.671272202770362,0.736382221251083,204.704,1.7339115512678,0.015303821965607
"substitution","dgp3",600,10,25,5,1,"SSRF",2.33433165960002,0.772436501052581,0.659490032728947,0.736382221251083,204.704,1.7339115512678,0.015303821965607
"substitution","dgp3",600,10,50,5,1,"RF",2.16928708776705,0.764775464254287,0.494818767989705,0.736382221251083,204.704,1.7339115512678,0.015303821965607
"substitution","dgp3",600,10,50,5,1,"SSRF-JS",2.08852704937666,0.757676658748711,0.411123961700849,0.736382221251083,204.704,1.7339115512678,0.015303821965607
"substitution","dgp3",600,10,50,5,1,"SSRF",2.08258260466772,0.756558558167157,0.404995082228898,0.736382221251083,204.704,1.7339115512678,0.015303821965607
"substitution","dgp3",600,10,100,5,1,"RF",2.16590107998095,0.756301125490456,0.461604527935102,0.736382221251083,204.704,1.7339115512678,0.015303821965607
"substitution","dgp3",600,10,100,5,1,"SSRF-JS",2.05356180842514,0.747192036291065,0.336578074725776,0.736382221251083,204.704,1.7339115512678,0.015303821965607
"substitution","dgp3",600,10,100,5,1,"SSRF",2.04748807380592,0.745997956076047,0.33063454773217,0.736382221251083,204.704,1.7339115512678,0.015303821965607
"substitution","dgp3",600,10,250,5,1,"RF",2.22617871065168,0.745715262338527,0.507006132152842,0.736382221251083,204.704,1.7339115512678,0.015303821965607
"substitution","dgp3",600,10,250,5,1,"SSRF-JS",2.04930058019005,0.735777724819078,0.320033187759624,0.736382221251083,204.704,1.7339115512678,0.015303821965607
"substitution","dgp3",600,10,250,5,1,"SSRF",2.04443535996695,0.734916567758147,0.315466805302657,0.736382221251083,204.704,1.7339115512678,0.015303821965607
"substitution","dgp3",600,10,500,5,1,"RF",2.29555109027041,0.74568415328702,0.578690669450089,0.736382221251083,204.704,1.7339115512678,0.015303821965607
"substitution","dgp3",600,10,500,5,1,"SSRF-JS",2.10178354743403,0.737241923183388,0.374389144839732,0.736382221251083,204.704,1.7339115512678,0.015303821965607
"substitution","dgp3",600,10,500,5,1,"SSRF",2.09631782690905,0.736462439172871,0.369071319372914,0.736382221251083,204.704,1.7339115512678,0.015303821965607
"substitution","dgp3",600,10,1,5,2,"RF",1.66159667362765,0.889078847603348,0.670151692242008,0.856611235207351,205.738,1.72637132800493,0.225877303146042
"substitution","dgp3",600,10,1,5,2,"SSRF-JS",1.40317907693658,0.795691362785024,0.402472576692713,0.856611235207351,205.738,1.72637132800493,0.225877303146042
"substitution","dgp3",600,10,1,5,2,"SSRF",1.3760272320412,0.789930591747225,0.370965676355967,0.856611235207351,205.738,1.72637132800493,0.225877303146042
"substitution","dgp3",600,10,3,5,2,"RF",1.36081645638452,0.768990194022072,0.312505808944807,0.856611235207351,205.738,1.72637132800493,0.225877303146042
"substitution","dgp3",600,10,3,5,2,"SSRF-JS",1.2493551522689,0.718876484337701,0.203151827281103,0.856611235207351,205.738,1.72637132800493,0.225877303146042
"substitution","dgp3",600,10,3,5,2,"SSRF",1.2471037838235,0.716872200059279,0.199086682690729,0.856611235207351,205.738,1.72637132800493,0.225877303146042
"substitution","dgp3",600,10,5,5,2,"RF",1.24281078203296,0.722913217147111,0.212644207118887,0.856611235207351,205.738,1.72637132800493,0.225877303146042
"substitution","dgp3",600,10,5,5,2,"SSRF-JS",1.18329252658574,0.6922279071815,0.152538141775428,0.856611235207351,205.738,1.72637132800493,0.225877303146042
"substitution","dgp3",600,10,5,5,2,"SSRF",1.18363132155346,0.691489455826203,0.149400811331201,0.856611235207351,205.738,1.72637132800493,0.225877303146042
"substitution","dgp3",600,10,10,5,2,"RF",1.15094047875578,0.678585282659912,0.130461770228219,0.856611235207351,205.738,1.72637132800493,0.225877303146042
"substitution","dgp3",600,10,10,5,2,"SSRF-JS",1.12817995880545,0.66697356647982,0.105686216686248,0.856611235207351,205.738,1.72637132800493,0.225877303146042
"substitution","dgp3",600,10,10,5,2,"SSRF",1.12719097347048,0.665935501111777,0.102888527354806,0.856611235207351,205.738,1.72637132800493,0.225877303146042
"substitution","dgp3",600,10,25,5,2,"RF",1.10467708514911,0.659244953385826,0.102577374843207,0.856611235207351,205.738,1.72637132800493,0.225877303146042
"substitution","dgp3",600,10,25,5,2,"SSRF-JS",1.08957050819159,0.650277282971576,0.0831957136567455,0.856611235207351,205.738,1.72637132800493,0.225877303146042
"substitution","dgp3",600,10,25,5,2,"SSRF",1.08675384145938,0.648534585613765,0.0792744403793695,0.856611235207351,205.738,1.72637132800493,0.225877303146042
"substitution","dgp3",600,10,50,5,2,"RF",1.08211858628701,0.648854080518706,0.0846799702972959,0.856611235207351,205.738,1.72637132800493,0.225877303146042
"substitution","dgp3",600,10,50,5,2,"SSRF-JS",1.07346828731838,0.643169533543638,0.0709737192917584,0.856611235207351,205.738,1.72637132800493,0.225877303146042
"substitution","dgp3",600,10,50,5,2,"SSRF",1.07103227241845,0.641776550512269,0.0677390595547351,0.856611235207351,205.738,1.72637132800493,0.225877303146042
"substitution","dgp3",600,10,100,5,2,"RF",1.06846245127129,0.642162802242998,0.0688592279125602,0.856611235207351,205.738,1.72637132800493,0.225877303146042
"substitution","dgp3",600,10,100,5,2,"SSRF-JS",1.06495074116875,0.639373439997936,0.0601631097356229,0.856611235207351,205.738,1.72637132800493,0.225877303146042
"substitution","dgp3",600,10,100,5,2,"SSRF",1.06397098400007,0.638700351074494,0.0582280831434172,0.856611235207351,205.738,1.72637132800493,0.225877303146042
"substitution","dgp3",600,10,250,5,2,"RF",1.0633877745897,0.639611895162015,0.0607587771428552,0.856611235207351,205.738,1.72637132800493,0.225877303146042
"substitution","dgp3",600,10,250,5,2,"SSRF-JS",1.06059679961153,0.637341661135815,0.0536126034424699,0.856611235207351,205.738,1.72637132800493,0.225877303146042
"substitution","dgp3",600,10,250,5,2,"SSRF",1.05970343986424,0.636742359534826,0.0520460523932277,0.856611235207351,205.738,1.72637132800493,0.225877303146042
"substitution","dgp3",600,10,500,5,2,"RF",1.06036141648156,0.637936959945703,0.0571017610970194,0.856611235207351,205.738,1.72637132800493,0.225877303146042
"substitution","dgp3",600,10,500,5,2,"SSRF-JS",1.05846162576051,0.636257141134981,0.0511040566284587,0.856611235207351,205.738,1.72637132800493,0.225877303146042
"substitution","dgp3",600,10,500,5,2,"SSRF",1.05751135095309,0.635667475811207,0.0495949678894468,0.856611235207351,205.738,1.72637132800493,0.225877303146042
"substitution","dgp3",600,10,1,20,1,"RF",1.65354100220843,0.864448332186822,0.777735880855545,0.866473902958347,66.822,4.79474107004363,0.186839482366003
"substitution","dgp3",600,10,1,20,1,"SSRF-JS",1.52078885039303,0.829712842904217,0.647185016361362,0.866473902958347,66.822,4.79474107004363,0.186839482366003
"substitution","dgp3",600,10,1,20,1,"SSRF",1.36344939988859,0.810285397754654,0.498714898530508,0.866473902958347,66.822,4.79474107004363,0.186839482366003
"substitution","dgp3",600,10,3,20,1,"RF",1.12559404437205,0.72751636120717,0.266228759096904,0.866473902958347,66.822,4.79474107004363,0.186839482366003
"substitution","dgp3",600,10,3,20,1,"SSRF-JS",1.06813621600211,0.701821820451663,0.210122068745273,0.866473902958347,66.822,4.79474107004363,0.186839482366003
"substitution","dgp3",600,10,3,20,1,"SSRF",1.01828048014253,0.685165885500138,0.16737626594098,0.866473902958347,66.822,4.79474107004363,0.186839482366003
"substitution","dgp3",600,10,5,20,1,"RF",1.03697624144947,0.693897024275113,0.19462475460787,0.866473902958347,66.822,4.79474107004363,0.186839482366003
"substitution","dgp3",600,10,5,20,1,"SSRF-JS",1.0058361893855,0.677217795393438,0.162574966770734,0.866473902958347,66.822,4.79474107004363,0.186839482366003
"substitution","dgp3",600,10,5,20,1,"SSRF",0.970616192803765,0.664105245571426,0.129924438682799,0.866473902958347,66.822,4.79474107004363,0.186839482366003
"substitution","dgp3",600,10,10,20,1,"RF",0.97432984439451,0.662323627625967,0.120578300452311,0.866473902958347,66.822,4.79474107004363,0.186839482366003
"substitution","dgp3",600,10,10,20,1,"SSRF-JS",0.961127134211443,0.65409139345726,0.107269634502086,0.866473902958347,66.822,4.79474107004363,0.186839482366003
"substitution","dgp3",600,10,10,20,1,"SSRF",0.943433780587127,0.645524947711585,0.0909851829348987,0.866473902958347,66.822,4.79474107004363,0.186839482366003
"substitution","dgp3",600,10,25,20,1,"RF",0.963403200180747,0.653556818604499,0.100559754927915,0.866473902958347,66.822,4.79474107004363,0.186839482366003
"substitution","dgp3",600,10,25,20,1,"SSRF-JS",0.95396889419533,0.647461562310187,0.0922253464592356,0.866473902958347,66.822,4.79474107004363,0.186839482366003
"substitution","dgp3",600,10,25,20,1,"SSRF",0.940946960039462,0.640115524134541,0.0799221344370155,0.866473902958347,66.822,4.79474107004363,0.186839482366003
"substitution","dgp3",600,10,50,20,1,"RF",0.934398907745875,0.640758253541193,0.0772187906322075,0.866473902958347,66.822,4.79474107004363,0.186839482366003
"substitution","dgp3",600,10,50,20,1,"SSRF-JS",0.930566872146011,0.63727204222801,0.0738288058964704,0.866473902958347,66.822,4.79474107004363,0.186839482366003
"substitution","dgp3",600,10,50,20,1,"SSRF",0.922568504660998,0.632280569111129,0.0651310969242292,0.866473902958347,66.822,4.79474107004363,0.186839482366003
"substitution","dgp3",600,10,100,20,1,"RF",0.92610926891502,0.634724666923518,0.0697991535885415,0.866473902958347,66.822,4.79474107004363,0.186839482366003
"substitution","dgp3",600,10,100,20,1,"SSRF-JS",0.923864544285093,0.632449265663703,0.067713427180905,0.866473902958347,66.822,4.79474107004363,0.186839482366003
"substitution","dgp3",600,10,100,20,1,"SSRF",0.917244842811583,0.628000567564215,0.0598266334860832,0.866473902958347,66.822,4.79474107004363,0.186839482366003
"substitution","dgp3",600,10,250,20,1,"RF",0.91998538572683,0.63041337998736,0.0632512713050742,0.866473902958347,66.822,4.79474107004363,0.186839482366003
"substitution","dgp3",600,10,250,20,1,"SSRF-JS",0.918545560737061,0.628316158899446,0.0618515279074658,0.866473902958347,66.822,4.79474107004363,0.186839482366003
"substitution","dgp3",600,10,250,20,1,"SSRF",0.912055641609791,0.624471133484257,0.0551308046127722,0.866473902958347,66.822,4.79474107004363,0.186839482366003
"substitution","dgp3",600,10,500,20,1,"RF",0.918749068195745,0.63144949245142,0.0645778242322044,0.866473902958347,66.822,4.79474107004363,0.186839482366003
"substitution","dgp3",600,10,500,20,1,"SSRF-JS",0.917962162767656,0.629675029832724,0.0634535679285043,0.866473902958347,66.822,4.79474107004363,0.186839482366003
"substitution","dgp3",600,10,500,20,1,"SSRF",0.911122582421957,0.625604248044633,0.0563009322170928,0.866473902958347,66.822,4.79474107004363,0.186839482366003
"substitution","dgp3",600,10,1,20,2,"RF",1.50404420857419,0.851045570128456,0.482970472533124,0.875732248510884,67.588,4.74675314926908,0.210516380780334
"substitution","dgp3",600,10,1,20,2,"SSRF-JS",1.38525033454984,0.800753080262089,0.365347519616737,0.875732248510884,67.588,4.74675314926908,0.210516380780334
"substitution","dgp3",600,10,1,20,2,"SSRF",1.33206980676108,0.783428693711035,0.315880037566774,0.875732248510884,67.588,4.74675314926908,0.210516380780334
"substitution","dgp3",600,10,3,20,2,"RF",1.27075016540968,0.732135399966284,0.226646899604151,0.875732248510884,67.588,4.74675314926908,0.210516380780334
"substitution","dgp3",600,10,3,20,2,"SSRF-JS",1.22719899251057,0.710235348433448,0.186552244426477,0.875732248510884,67.588,4.74675314926908,0.210516380780334
"substitution","dgp3",600,10,3,20,2,"SSRF",1.19371668276332,0.694821019043727,0.157146670837561,0.875732248510884,67.588,4.74675314926908,0.210516380780334
"substitution","dgp3",600,10,5,20,2,"RF",1.16792984059877,0.692507400668365,0.148911052250593,0.875732248510884,67.588,4.74675314926908,0.210516380780334
"substitution","dgp3",600,10,5,20,2,"SSRF-JS",1.14551485551705,0.678520439210938,0.126735196123387,0.875732248510884,67.588,4.74675314926908,0.210516380780334
"substitution","dgp3",600,10,5,20,2,"SSRF",1.12824529281064,0.669380220040381,0.109259425137095,0.875732248510884,67.588,4.74675314926908,0.210516380780334
"substitution","dgp3",600,10,10,20,2,"RF",1.15001467826657,0.669873077021433,0.107992909402547,0.875732248510884,67.588,4.74675314926908,0.210516380780334
"substitution","dgp3",600,10,10,20,2,"SSRF-JS",1.13486040016712,0.661829999236913,0.096066043904388,0.875732248510884,67.588,4.74675314926908,0.210516380780334
"substitution","dgp3",600,10,10,20,2,"SSRF",1.11963006129091,0.654724488223313,0.0838414751965961,0.875732248510884,67.588,4.74675314926908,0.210516380780334
"substitution","dgp3",600,10,25,20,2,"RF",1.11337824802676,0.650035677001159,0.0795043221107991,0.875732248510884,67.588,4.74675314926908,0.210516380780334
"substitution","dgp3",600,10,25,20,2,"SSRF-JS",1.10646089144087,0.645813860534173,0.0747078330271522,0.875732248510884,67.588,4.74675314926908,0.210516380780334
"substitution","dgp3",600,10,25,20,2,"SSRF",1.0977765500031,0.640338305236443,0.0659134696876065,0.875732248510884,67.588,4.74675314926908,0.210516380780334
"substitution","dgp3",600,10,50,20,2,"RF",1.10908493887592,0.646139265826122,0.0720842061500204,0.875732248510884,67.588,4.74675314926908,0.210516380780334
"substitution","dgp3",600,10,50,20,2,"SSRF-JS",1.10243029323105,0.642945799373185,0.0679425431935078,0.875732248510884,67.588,4.74675314926908,0.210516380780334
"substitution","dgp3",600,10,50,20,2,"SSRF",1.09477624263157,0.639070453449608,0.0603693731961336,0.875732248510884,67.588,4.74675314926908,0.210516380780334
"substitution","dgp3",600,10,100,20,2,"RF",1.10088961598971,0.640710149118323,0.0626388419407979,0.875732248510884,67.588,4.74675314926908,0.210516380780334
"substitution","dgp3",600,10,100,20,2,"SSRF-JS",1.09560754262122,0.638088517801201,0.0597977627455077,0.875732248510884,67.588,4.74675314926908,0.210516380780334
"substitution","dgp3",600,10,100,20,2,"SSRF",1.08922244259344,0.634551758297976,0.0531697678161024,0.875732248510884,67.588,4.74675314926908,0.210516380780334
"substitution","dgp3",600,10,250,20,2,"RF",1.10390325838154,0.641902417997769,0.0648021431059896,0.875732248510884,67.588,4.74675314926908,0.210516380780334
"substitution","dgp3",600,10,250,20,2,"SSRF-JS",1.09815674709282,0.639226599242355,0.0617176329714637,0.875732248510884,67.588,4.74675314926908,0.210516380780334
"substitution","dgp3",600,10,250,20,2,"SSRF",1.09116132812261,0.635444548174289,0.0546517016697789,0.875732248510884,67.588,4.74675314926908,0.210516380780334
"substitution","dgp3",600,10,500,20,2,"RF",1.10205646348387,0.641185641393108,0.0623556622916209,0.875732248510884,67.588,4.74675314926908,0.210516380780334
"substitution","dgp3",600,10,500,20,2,"SSRF-JS",1.09665931228508,0.638493429773407,0.0596738018457934,0.875732248510884,67.588,4.74675314926908,0.210516380780334
"substitution","dgp3",600,10,500,20,2,"SSRF",1.08985964407071,0.63480680848916,0.0530617382185436,0.875732248510884,67.588,4.74675314926908,0.210516380780334
