source,dataset,B,n,p,r2,lam,gain,win,pval,reps,p_holm
Python,airquality,5,111,5,0.6636617865004315,0.8916379135128935,5.012183188463082,8.0,0.9999485015869141,25,1.0
Python,airquality,10,111,5,0.6558598832176661,0.8845934709271451,7.757701538924855,0.0,1.0,25,1.0
Python,airquality,25,111,5,0.6769271177825363,0.8851708227112344,9.622243087379312,0.0,1.0,25,1.0
Python,airquality,100,111,5,0.7162696785582987,0.8855987299004452,11.151045042052733,0.0,1.0,25,1.0
Python,airquality,500,111,5,0.7205087225724147,0.887857299142749,9.46763315968484,0.0,1.0,25,1.0
Python,attitude,5,30,6,0.3018069320657253,0.9756261310957803,0.0,36.0,0.5856075286865234,25,1.0
Python,attitude,10,30,6,0.4143718882890991,0.9809310542350129,0.4874427477641774,24.0,0.9988771080970764,25,1.0
Python,attitude,25,30,6,0.33225484337349187,0.9770529943079014,0.40088644109153027,32.0,0.996314525604248,25,1.0
Python,attitude,100,30,6,0.3066214898967192,0.9794700567856882,0.5577111019358982,20.0,0.9999866783618927,25,1.0
Python,attitude,500,30,6,0.4575701532038827,0.9786341015235093,0.5536756264844733,20.0,0.9999625086784363,25,1.0
Python,boston,5,506,14,0.8088481633610892,0.9601633918255595,2.4454261490783225,8.0,0.9999997019767761,25,1.0
Python,boston,10,506,14,0.8389648277606945,0.9563613557947188,4.436855218648006,8.0,0.9999999105930328,25,1.0
Python,boston,25,506,14,0.8270170218196908,0.9572941746726029,5.662019599216106,4.0,0.9999999403953552,25,1.0
Python,boston,100,506,14,0.8287474346936932,0.9576726445625859,5.714190505286232,4.0,0.9999999701976776,25,1.0
Python,boston,500,506,14,0.8502858029774061,0.9567724976918054,6.182829357186348,0.0,1.0,25,1.0
Python,cpus,5,209,6,0.7582363969671319,0.9186638816615974,4.734029304949305,28.000000000000004,0.99935182929039,25,1.0
Python,cpus,10,209,6,0.6871262914781545,0.9158280943007615,8.064881671419787,20.0,0.9999730587005615,25,1.0
Python,cpus,25,209,6,0.8298597321413264,0.9229356846753737,7.023865128171947,16.0,0.9999983608722687,25,1.0
Python,cpus,100,209,6,0.6928203571284159,0.9194237643053836,6.3059017713714915,24.0,0.9999730587005615,25,1.0
Python,cpus,500,209,6,0.8096804463153997,0.9184779809312356,7.419679005547075,32.0,0.9996425211429596,25,1.0
Python,diabetes,5,442,10,0.38645221385008577,0.8968578018476133,-0.4704274030953637,72.0,0.1498061716556549,25,0.7490308582782745
Python,diabetes,10,442,10,0.41551390028944435,0.895214202377025,0.905245608559202,36.0,0.9742118716239929,25,1.0
Python,diabetes,25,442,10,0.44691849528348293,0.8957478777797124,2.082097808203054,20.0,0.9999772906303406,25,1.0
Python,diabetes,100,442,10,0.4469853559387843,0.8948937861729764,2.6444165052547985,4.0,0.9999999105930328,25,1.0
Python,diabetes,500,442,10,0.46698919929560667,0.8953594907648491,1.5227794606909706,0.0,1.0,25,1.0
Python,mcycle,5,133,1,0.7384923209194565,0.9503820283220392,-2.552173221470777,56.00000000000001,0.2053825855255127,25,1.0
Python,mcycle,10,133,1,0.7340306176613058,0.9492279912633448,0.9825131823045119,48.0,0.7629176676273346,25,1.0
Python,mcycle,25,133,1,0.7107714458480454,0.9546935929073491,-1.4703592203013982,68.0,0.2209186851978302,25,1.0
Python,mcycle,100,133,1,0.7338957741426431,0.9519661956627485,0.9314250232177912,44.0,0.8998919129371643,25,1.0
Python,mcycle,500,133,1,0.729217939866275,0.9542698920948018,0.048047523561267624,48.0,0.7108968794345856,25,1.0
Python,ozone,5,203,25,0.6852410287355222,0.9521942703290287,0.6875321952750646,44.0,0.9177519381046295,25,1.0
Python,ozone,10,203,25,0.7090787915055354,0.9542292217993981,1.3303608013178092,28.000000000000004,0.966649204492569,25,1.0
Python,ozone,25,203,25,0.7426368661680297,0.9528494393829755,2.7337570468325634,28.000000000000004,0.9982903897762299,25,1.0
Python,ozone,100,203,25,0.6941046900229807,0.9537889890853413,1.6348644223242115,16.0,0.9999625086784363,25,1.0
Python,ozone,500,203,25,0.740005618285104,0.9536048171788722,1.4321721950653954,28.000000000000004,0.9942733347415924,25,1.0
Python,savings,5,50,4,0.13332713116639783,0.8039947028278099,-1.2470864438378748,68.0,0.024131208658218384,25,0.12065604329109192
Python,savings,10,50,4,0.17324319407139976,0.8175881756860682,-1.1065211713169543,64.0,0.10496959090232849,25,0.41987836360931396
Python,savings,25,50,4,0.1515876459887474,0.80192259412971,0.8050309429679103,48.0,0.5315985679626465,25,1.0
Python,savings,100,50,4,0.19334470350026656,0.8134033411708137,0.632153406411029,40.0,0.7629176676273346,25,1.0
Python,savings,500,50,4,0.03287685375798477,0.8092129629363547,0.8304357863653911,44.0,0.8950304090976715,25,1.0
Python,servo,5,167,16,0.5837864688044431,0.8683775543308595,5.62694114233333,4.0,0.9999999403953552,25,1.0
Python,servo,10,167,16,0.6230031668186609,0.8680839874531504,7.715077880664278,0.0,1.0,25,1.0
Python,servo,25,167,16,0.6308906127810147,0.8756061357427495,8.837751604057754,0.0,1.0,25,1.0
Python,servo,100,167,16,0.6667773835238114,0.8671776501354718,9.535933212758652,0.0,1.0,25,1.0
Python,servo,500,167,16,0.6687253022860975,0.8734858749355721,9.22222091322018,0.0,1.0,25,1.0
Python,swiss,5,47,5,0.4208056951536816,0.872872000964233,2.5188895502403996,40.0,0.9803306460380554,25,1.0
Python,swiss,10,47,5,0.3825053539566723,0.8805845840002501,2.5033649142484515,16.0,0.9996425211429596,25,1.0
Python,swiss,25,47,5,0.40986773586132175,0.8651303071597095,4.687969568584283,8.0,0.9999997019767761,25,1.0
Python,swiss,100,47,5,0.34898158479238084,0.8663265607370351,5.814693236475699,12.0,0.9999889433383942,25,1.0
Python,swiss,500,47,5,0.40713099448889,0.8714089984934228,5.508135791870972,8.0,0.9999998509883881,25,1.0
R,airquality,5,111,5,0.6217233229583228,0.9008499567723116,2.1901018457912147,33.33333333333333,0.9827316328883171,30,1.0
R,airquality,10,111,5,0.6613976389227995,0.9003427283299056,6.131669233402926,0.0,1.0,30,1.0
R,airquality,25,111,5,0.669407103052961,0.8953149280525311,7.21148046842629,13.333333333333334,0.9999999348074198,30,1.0
R,airquality,100,111,5,0.7543983052639446,0.8939222734508844,9.356358067329118,6.666666666666667,0.9999999972060323,30,1.0
R,airquality,500,111,5,0.7139044759087727,0.8956418802350087,7.837876227577734,6.666666666666667,0.9999999972060323,30,1.0
R,attitude,5,30,6,0.3984237083121799,0.9457946593513163,-0.11808266271989831,56.666666666666664,0.342523536644876,30,1.0
R,attitude,10,30,6,0.3767752747559794,0.9439100074687921,1.0189380701722373,33.33333333333333,0.9147008024156094,30,1.0
R,attitude,25,30,6,0.5118905545715138,0.9411691103755863,1.2668538142964092,30.0,0.9969025040045381,30,1.0
R,attitude,100,30,6,0.5282628598544109,0.9394516571976935,1.8495704928403134,23.333333333333332,0.9994342727586627,30,1.0
R,attitude,500,30,6,0.45512978187223807,0.9405259276391315,2.171819046250545,20.0,0.9953494388610125,30,1.0
R,boston,5,506,14,0.8228565891070452,0.9735021432108856,1.1084145961374081,20.0,0.9999383315443993,30,1.0
R,boston,10,506,14,0.8633339227800114,0.9705498255221222,3.1584613700801234,3.3333333333333335,0.9999999972060323,30,1.0
R,boston,25,506,14,0.8617865713192802,0.97149248398384,3.002717796236787,0.0,1.0,30,1.0
R,boston,100,506,14,0.8658003439948575,0.9710315447210435,3.8637487438831664,0.0,1.0,30,1.0
R,boston,500,506,14,0.8589353433661151,0.9722866107028193,3.435562290850225,0.0,1.0,30,1.0
R,cpus,5,209,6,0.8911809475177406,0.9564713929783555,2.342043117582626,40.0,0.9540251865983009,30,1.0
R,cpus,10,209,6,0.8576602358166773,0.9511602768606422,4.30370974870401,20.0,0.9999383315443993,30,1.0
R,cpus,25,209,6,0.882155040467749,0.9571040685957994,6.328804921562803,13.333333333333334,0.9999970132485032,30,1.0
R,cpus,100,209,6,0.854766776998922,0.9557753132847623,7.195197681160326,20.0,0.9999986188486218,30,1.0
R,cpus,500,209,6,0.8519693247540191,0.956187663956292,6.777091439037597,13.333333333333334,0.9999983804300427,30,1.0
R,mcycle,5,133,1,0.6823827846067527,0.9311298682217131,-1.2802685398445035,56.666666666666664,0.169370892457664,30,0.508112677372992
R,mcycle,10,133,1,0.6545859801405753,0.9350234241780135,-3.110908154182784,73.33333333333333,0.0007916418835520744,30,0.003958209417760372
R,mcycle,25,133,1,0.6800940792985486,0.92816947407212,-0.09041506489431139,50.0,0.3277192125096917,30,0.6554384250193834
R,mcycle,100,133,1,0.6915138687042459,0.9296421357752874,-1.5427179259321633,66.66666666666666,0.05019867792725563,30,0.20079471170902252
R,mcycle,500,133,1,0.7119609449278055,0.9271896195621326,0.5922924427026688,43.333333333333336,0.657476463355124,30,0.657476463355124
R,ozone,5,203,25,0.6324220739876476,0.9229982119203153,1.941358884792821,20.0,0.999790801666677,30,1.0
R,ozone,10,203,25,0.6962659925452888,0.9288378748445726,2.9355471638565445,16.666666666666664,0.999986557289958,30,1.0
R,ozone,25,203,25,0.6978388055262331,0.9265349763713718,4.595495174293784,6.666666666666667,0.999999969266355,30,1.0
R,ozone,100,203,25,0.6923870180817684,0.9260500444529719,4.151127728414494,6.666666666666667,0.999999993480742,30,1.0
R,ozone,500,203,25,0.7259155194466773,0.9271705025983092,3.9640485535478276,10.0,0.9999999487772584,30,1.0
R,savings,5,50,4,0.07208698042017536,0.8384249690679055,-3.816568165818923,70.0,0.0026913899928331375,30,0.013456949964165688
R,savings,10,50,4,0.048334847667465985,0.8276403392482722,-1.262265592683437,60.0,0.06467653810977936,30,0.25870615243911743
R,savings,25,50,4,0.21156044367946747,0.8425343934410938,-0.5920804472384245,60.0,0.08529919758439064,30,0.25870615243911743
R,savings,100,50,4,0.2351598518343947,0.8454415872144723,-0.6120104189428655,50.0,0.21397730335593224,30,0.2710056286305189
R,savings,500,50,4,0.22455994582408167,0.8400835803032691,0.016635123201003132,50.0,0.13550281431525946,30,0.2710056286305189
R,servo,5,167,16,0.645942020385895,0.828122689941909,7.313462518013846,23.333333333333332,0.9999647159129381,30,1.0
R,servo,10,167,16,0.6676014907001369,0.8381511046064699,10.520022421484786,3.3333333333333335,0.9999999990686774,30,1.0
R,servo,25,167,16,0.6816337684483744,0.8335506264102053,12.165062276071225,0.0,1.0,30,1.0
R,servo,100,167,16,0.7284572813398907,0.8206365237818845,21.853106366306875,0.0,1.0,30,1.0
R,servo,500,167,16,0.720608072187706,0.822849456496611,18.000420533212758,0.0,1.0,30,1.0
R,swiss,5,47,5,0.3028249517888605,0.8793307766338875,1.2068312796651326,43.333333333333336,0.8972951536998153,30,1.0
R,swiss,10,47,5,0.5127265490226917,0.8859018170872116,2.5430100669141753,23.333333333333332,0.9992083581164479,30,1.0
R,swiss,25,47,5,0.4949802615088751,0.8923381642728662,4.399221647859641,16.666666666666664,0.9999647159129381,30,1.0
R,swiss,100,47,5,0.48469426478777033,0.885448386484335,4.709351527089279,16.666666666666664,0.9999953899532557,30,1.0
R,swiss,500,47,5,0.5233114589271923,0.8807907894102645,6.93465359106461,13.333333333333334,0.9999988256022334,30,1.0
